vit,vnncomp2023_benchmarks/benchmarks/vit/onnx/pgd_2_3_16.onnx,vnncomp2023_benchmarks/benchmarks/vit/vnnlib/pgd_2_3_16_4021.vnnlib,2.323570647,prepare_instance_error_1,-1
vit,vnncomp2023_benchmarks/benchmarks/vit/onnx/pgd_2_3_16.onnx,vnncomp2023_benchmarks/benchmarks/vit/vnnlib/pgd_2_3_16_9907.vnnlib,2.331142911,prepare_instance_error_1,-1
vit,vnncomp2023_benchmarks/benchmarks/vit/onnx/pgd_2_3_16.onnx,vnncomp2023_benchmarks/benchmarks/vit/vnnlib/pgd_2_3_16_7308.vnnlib,2.322536666,prepare_instance_error_1,-1
vit,vnncomp2023_benchmarks/benchmarks/vit/onnx/pgd_2_3_16.onnx,vnncomp2023_benchmarks/benchmarks/vit/vnnlib/pgd_2_3_16_3347.vnnlib,2.312005532,prepare_instance_error_1,-1
vit,vnncomp2023_benchmarks/benchmarks/vit/onnx/pgd_2_3_16.onnx,vnncomp2023_benchmarks/benchmarks/vit/vnnlib/pgd_2_3_16_1159.vnnlib,2.324147251,prepare_instance_error_1,-1
vit,vnncomp2023_benchmarks/benchmarks/vit/onnx/pgd_2_3_16.onnx,vnncomp2023_benchmarks/benchmarks/vit/vnnlib/pgd_2_3_16_7732.vnnlib,2.326447883,prepare_instance_error_1,-1
vit,vnncomp2023_benchmarks/benchmarks/vit/onnx/pgd_2_3_16.onnx,vnncomp2023_benchmarks/benchmarks/vit/vnnlib/pgd_2_3_16_7047.vnnlib,2.308010979,prepare_instance_error_1,-1
vit,vnncomp2023_benchmarks/benchmarks/vit/onnx/pgd_2_3_16.onnx,vnncomp2023_benchmarks/benchmarks/vit/vnnlib/pgd_2_3_16_9914.vnnlib,2.351373620,prepare_instance_error_1,-1
vit,vnncomp2023_benchmarks/benchmarks/vit/onnx/pgd_2_3_16.onnx,vnncomp2023_benchmarks/benchmarks/vit/vnnlib/pgd_2_3_16_388.vnnlib,2.379204997,prepare_instance_error_1,-1
vit,vnncomp2023_benchmarks/benchmarks/vit/onnx/pgd_2_3_16.onnx,vnncomp2023_benchmarks/benchmarks/vit/vnnlib/pgd_2_3_16_9371.vnnlib,2.375276973,prepare_instance_error_1,-1
vit,vnncomp2023_benchmarks/benchmarks/vit/onnx/pgd_2_3_16.onnx,vnncomp2023_benchmarks/benchmarks/vit/vnnlib/pgd_2_3_16_566.vnnlib,2.349683380,prepare_instance_error_1,-1
vit,vnncomp2023_benchmarks/benchmarks/vit/onnx/pgd_2_3_16.onnx,vnncomp2023_benchmarks/benchmarks/vit/vnnlib/pgd_2_3_16_3727.vnnlib,2.337124822,prepare_instance_error_1,-1
vit,vnncomp2023_benchmarks/benchmarks/vit/onnx/pgd_2_3_16.onnx,vnncomp2023_benchmarks/benchmarks/vit/vnnlib/pgd_2_3_16_8722.vnnlib,2.346288139,prepare_instance_error_1,-1
vit,vnncomp2023_benchmarks/benchmarks/vit/onnx/pgd_2_3_16.onnx,vnncomp2023_benchmarks/benchmarks/vit/vnnlib/pgd_2_3_16_5954.vnnlib,2.350951138,prepare_instance_error_1,-1
vit,vnncomp2023_benchmarks/benchmarks/vit/onnx/pgd_2_3_16.onnx,vnncomp2023_benchmarks/benchmarks/vit/vnnlib/pgd_2_3_16_6470.vnnlib,2.340087264,prepare_instance_error_1,-1
vit,vnncomp2023_benchmarks/benchmarks/vit/onnx/pgd_2_3_16.onnx,vnncomp2023_benchmarks/benchmarks/vit/vnnlib/pgd_2_3_16_1190.vnnlib,2.358101431,prepare_instance_error_1,-1
vit,vnncomp2023_benchmarks/benchmarks/vit/onnx/pgd_2_3_16.onnx,vnncomp2023_benchmarks/benchmarks/vit/vnnlib/pgd_2_3_16_7196.vnnlib,2.352190031,prepare_instance_error_1,-1
vit,vnncomp2023_benchmarks/benchmarks/vit/onnx/pgd_2_3_16.onnx,vnncomp2023_benchmarks/benchmarks/vit/vnnlib/pgd_2_3_16_1436.vnnlib,2.323864672,prepare_instance_error_1,-1
vit,vnncomp2023_benchmarks/benchmarks/vit/onnx/pgd_2_3_16.onnx,vnncomp2023_benchmarks/benchmarks/vit/vnnlib/pgd_2_3_16_1871.vnnlib,2.379875832,prepare_instance_error_1,-1
vit,vnncomp2023_benchmarks/benchmarks/vit/onnx/pgd_2_3_16.onnx,vnncomp2023_benchmarks/benchmarks/vit/vnnlib/pgd_2_3_16_7328.vnnlib,2.341431289,prepare_instance_error_1,-1
vit,vnncomp2023_benchmarks/benchmarks/vit/onnx/pgd_2_3_16.onnx,vnncomp2023_benchmarks/benchmarks/vit/vnnlib/pgd_2_3_16_1210.vnnlib,2.334294618,prepare_instance_error_1,-1
vit,vnncomp2023_benchmarks/benchmarks/vit/onnx/pgd_2_3_16.onnx,vnncomp2023_benchmarks/benchmarks/vit/vnnlib/pgd_2_3_16_4671.vnnlib,2.332474065,prepare_instance_error_1,-1
vit,vnncomp2023_benchmarks/benchmarks/vit/onnx/pgd_2_3_16.onnx,vnncomp2023_benchmarks/benchmarks/vit/vnnlib/pgd_2_3_16_60.vnnlib,2.319860845,prepare_instance_error_1,-1
vit,vnncomp2023_benchmarks/benchmarks/vit/onnx/pgd_2_3_16.onnx,vnncomp2023_benchmarks/benchmarks/vit/vnnlib/pgd_2_3_16_1546.vnnlib,2.317733691,prepare_instance_error_1,-1
vit,vnncomp2023_benchmarks/benchmarks/vit/onnx/pgd_2_3_16.onnx,vnncomp2023_benchmarks/benchmarks/vit/vnnlib/pgd_2_3_16_3870.vnnlib,2.319399807,prepare_instance_error_1,-1
vit,vnncomp2023_benchmarks/benchmarks/vit/onnx/pgd_2_3_16.onnx,vnncomp2023_benchmarks/benchmarks/vit/vnnlib/pgd_2_3_16_8998.vnnlib,2.325330897,prepare_instance_error_1,-1
vit,vnncomp2023_benchmarks/benchmarks/vit/onnx/pgd_2_3_16.onnx,vnncomp2023_benchmarks/benchmarks/vit/vnnlib/pgd_2_3_16_3661.vnnlib,2.327897832,prepare_instance_error_1,-1
vit,vnncomp2023_benchmarks/benchmarks/vit/onnx/pgd_2_3_16.onnx,vnncomp2023_benchmarks/benchmarks/vit/vnnlib/pgd_2_3_16_6908.vnnlib,2.341988012,prepare_instance_error_1,-1
vit,vnncomp2023_benchmarks/benchmarks/vit/onnx/pgd_2_3_16.onnx,vnncomp2023_benchmarks/benchmarks/vit/vnnlib/pgd_2_3_16_9016.vnnlib,2.311761400,prepare_instance_error_1,-1
vit,vnncomp2023_benchmarks/benchmarks/vit/onnx/pgd_2_3_16.onnx,vnncomp2023_benchmarks/benchmarks/vit/vnnlib/pgd_2_3_16_1179.vnnlib,2.315271042,prepare_instance_error_1,-1
vit,vnncomp2023_benchmarks/benchmarks/vit/onnx/pgd_2_3_16.onnx,vnncomp2023_benchmarks/benchmarks/vit/vnnlib/pgd_2_3_16_7022.vnnlib,2.319211250,prepare_instance_error_1,-1
vit,vnncomp2023_benchmarks/benchmarks/vit/onnx/pgd_2_3_16.onnx,vnncomp2023_benchmarks/benchmarks/vit/vnnlib/pgd_2_3_16_7320.vnnlib,2.302393269,prepare_instance_error_1,-1
vit,vnncomp2023_benchmarks/benchmarks/vit/onnx/pgd_2_3_16.onnx,vnncomp2023_benchmarks/benchmarks/vit/vnnlib/pgd_2_3_16_9202.vnnlib,2.358709947,prepare_instance_error_1,-1
vit,vnncomp2023_benchmarks/benchmarks/vit/onnx/pgd_2_3_16.onnx,vnncomp2023_benchmarks/benchmarks/vit/vnnlib/pgd_2_3_16_7396.vnnlib,2.342413753,prepare_instance_error_1,-1
vit,vnncomp2023_benchmarks/benchmarks/vit/onnx/pgd_2_3_16.onnx,vnncomp2023_benchmarks/benchmarks/vit/vnnlib/pgd_2_3_16_9531.vnnlib,2.361484057,prepare_instance_error_1,-1
vit,vnncomp2023_benchmarks/benchmarks/vit/onnx/pgd_2_3_16.onnx,vnncomp2023_benchmarks/benchmarks/vit/vnnlib/pgd_2_3_16_1029.vnnlib,2.362353617,prepare_instance_error_1,-1
vit,vnncomp2023_benchmarks/benchmarks/vit/onnx/pgd_2_3_16.onnx,vnncomp2023_benchmarks/benchmarks/vit/vnnlib/pgd_2_3_16_7700.vnnlib,2.331440257,prepare_instance_error_1,-1
vit,vnncomp2023_benchmarks/benchmarks/vit/onnx/pgd_2_3_16.onnx,vnncomp2023_benchmarks/benchmarks/vit/vnnlib/pgd_2_3_16_9779.vnnlib,2.321959934,prepare_instance_error_1,-1
vit,vnncomp2023_benchmarks/benchmarks/vit/onnx/pgd_2_3_16.onnx,vnncomp2023_benchmarks/benchmarks/vit/vnnlib/pgd_2_3_16_5090.vnnlib,2.329261277,prepare_instance_error_1,-1
vit,vnncomp2023_benchmarks/benchmarks/vit/onnx/pgd_2_3_16.onnx,vnncomp2023_benchmarks/benchmarks/vit/vnnlib/pgd_2_3_16_2913.vnnlib,2.323535101,prepare_instance_error_1,-1
vit,vnncomp2023_benchmarks/benchmarks/vit/onnx/pgd_2_3_16.onnx,vnncomp2023_benchmarks/benchmarks/vit/vnnlib/pgd_2_3_16_5693.vnnlib,2.333621814,prepare_instance_error_1,-1
vit,vnncomp2023_benchmarks/benchmarks/vit/onnx/pgd_2_3_16.onnx,vnncomp2023_benchmarks/benchmarks/vit/vnnlib/pgd_2_3_16_6749.vnnlib,2.329062636,prepare_instance_error_1,-1
vit,vnncomp2023_benchmarks/benchmarks/vit/onnx/pgd_2_3_16.onnx,vnncomp2023_benchmarks/benchmarks/vit/vnnlib/pgd_2_3_16_9145.vnnlib,2.366861561,prepare_instance_error_1,-1
vit,vnncomp2023_benchmarks/benchmarks/vit/onnx/pgd_2_3_16.onnx,vnncomp2023_benchmarks/benchmarks/vit/vnnlib/pgd_2_3_16_5339.vnnlib,2.325126443,prepare_instance_error_1,-1
vit,vnncomp2023_benchmarks/benchmarks/vit/onnx/pgd_2_3_16.onnx,vnncomp2023_benchmarks/benchmarks/vit/vnnlib/pgd_2_3_16_5927.vnnlib,2.345193014,prepare_instance_error_1,-1
vit,vnncomp2023_benchmarks/benchmarks/vit/onnx/pgd_2_3_16.onnx,vnncomp2023_benchmarks/benchmarks/vit/vnnlib/pgd_2_3_16_1264.vnnlib,2.317796136,prepare_instance_error_1,-1
vit,vnncomp2023_benchmarks/benchmarks/vit/onnx/pgd_2_3_16.onnx,vnncomp2023_benchmarks/benchmarks/vit/vnnlib/pgd_2_3_16_1683.vnnlib,2.350518183,prepare_instance_error_1,-1
vit,vnncomp2023_benchmarks/benchmarks/vit/onnx/pgd_2_3_16.onnx,vnncomp2023_benchmarks/benchmarks/vit/vnnlib/pgd_2_3_16_5288.vnnlib,2.314470902,prepare_instance_error_1,-1
vit,vnncomp2023_benchmarks/benchmarks/vit/onnx/pgd_2_3_16.onnx,vnncomp2023_benchmarks/benchmarks/vit/vnnlib/pgd_2_3_16_5755.vnnlib,2.315214276,prepare_instance_error_1,-1
vit,vnncomp2023_benchmarks/benchmarks/vit/onnx/pgd_2_3_16.onnx,vnncomp2023_benchmarks/benchmarks/vit/vnnlib/pgd_2_3_16_6818.vnnlib,2.323492372,prepare_instance_error_1,-1
vit,vnncomp2023_benchmarks/benchmarks/vit/onnx/pgd_2_3_16.onnx,vnncomp2023_benchmarks/benchmarks/vit/vnnlib/pgd_2_3_16_5.vnnlib,2.293937273,prepare_instance_error_1,-1
vit,vnncomp2023_benchmarks/benchmarks/vit/onnx/pgd_2_3_16.onnx,vnncomp2023_benchmarks/benchmarks/vit/vnnlib/pgd_2_3_16_1656.vnnlib,2.311964010,prepare_instance_error_1,-1
vit,vnncomp2023_benchmarks/benchmarks/vit/onnx/pgd_2_3_16.onnx,vnncomp2023_benchmarks/benchmarks/vit/vnnlib/pgd_2_3_16_253.vnnlib,2.311429014,prepare_instance_error_1,-1
vit,vnncomp2023_benchmarks/benchmarks/vit/onnx/pgd_2_3_16.onnx,vnncomp2023_benchmarks/benchmarks/vit/vnnlib/pgd_2_3_16_2776.vnnlib,2.330596589,prepare_instance_error_1,-1
vit,vnncomp2023_benchmarks/benchmarks/vit/onnx/pgd_2_3_16.onnx,vnncomp2023_benchmarks/benchmarks/vit/vnnlib/pgd_2_3_16_5348.vnnlib,2.330058641,prepare_instance_error_1,-1
vit,vnncomp2023_benchmarks/benchmarks/vit/onnx/pgd_2_3_16.onnx,vnncomp2023_benchmarks/benchmarks/vit/vnnlib/pgd_2_3_16_4070.vnnlib,2.299382237,prepare_instance_error_1,-1
vit,vnncomp2023_benchmarks/benchmarks/vit/onnx/pgd_2_3_16.onnx,vnncomp2023_benchmarks/benchmarks/vit/vnnlib/pgd_2_3_16_8950.vnnlib,2.319140856,prepare_instance_error_1,-1
vit,vnncomp2023_benchmarks/benchmarks/vit/onnx/pgd_2_3_16.onnx,vnncomp2023_benchmarks/benchmarks/vit/vnnlib/pgd_2_3_16_1174.vnnlib,2.312447889,prepare_instance_error_1,-1
vit,vnncomp2023_benchmarks/benchmarks/vit/onnx/pgd_2_3_16.onnx,vnncomp2023_benchmarks/benchmarks/vit/vnnlib/pgd_2_3_16_6645.vnnlib,2.301149526,prepare_instance_error_1,-1
vit,vnncomp2023_benchmarks/benchmarks/vit/onnx/pgd_2_3_16.onnx,vnncomp2023_benchmarks/benchmarks/vit/vnnlib/pgd_2_3_16_1647.vnnlib,2.360824661,prepare_instance_error_1,-1
vit,vnncomp2023_benchmarks/benchmarks/vit/onnx/pgd_2_3_16.onnx,vnncomp2023_benchmarks/benchmarks/vit/vnnlib/pgd_2_3_16_8083.vnnlib,2.345299804,prepare_instance_error_1,-1
vit,vnncomp2023_benchmarks/benchmarks/vit/onnx/pgd_2_3_16.onnx,vnncomp2023_benchmarks/benchmarks/vit/vnnlib/pgd_2_3_16_9739.vnnlib,2.322155021,prepare_instance_error_1,-1
vit,vnncomp2023_benchmarks/benchmarks/vit/onnx/pgd_2_3_16.onnx,vnncomp2023_benchmarks/benchmarks/vit/vnnlib/pgd_2_3_16_6118.vnnlib,2.359666442,prepare_instance_error_1,-1
vit,vnncomp2023_benchmarks/benchmarks/vit/onnx/pgd_2_3_16.onnx,vnncomp2023_benchmarks/benchmarks/vit/vnnlib/pgd_2_3_16_1005.vnnlib,2.317257991,prepare_instance_error_1,-1
vit,vnncomp2023_benchmarks/benchmarks/vit/onnx/pgd_2_3_16.onnx,vnncomp2023_benchmarks/benchmarks/vit/vnnlib/pgd_2_3_16_7064.vnnlib,2.315183579,prepare_instance_error_1,-1
vit,vnncomp2023_benchmarks/benchmarks/vit/onnx/pgd_2_3_16.onnx,vnncomp2023_benchmarks/benchmarks/vit/vnnlib/pgd_2_3_16_75.vnnlib,2.323012008,prepare_instance_error_1,-1
vit,vnncomp2023_benchmarks/benchmarks/vit/onnx/pgd_2_3_16.onnx,vnncomp2023_benchmarks/benchmarks/vit/vnnlib/pgd_2_3_16_6999.vnnlib,2.315411260,prepare_instance_error_1,-1
vit,vnncomp2023_benchmarks/benchmarks/vit/onnx/pgd_2_3_16.onnx,vnncomp2023_benchmarks/benchmarks/vit/vnnlib/pgd_2_3_16_9811.vnnlib,2.315048626,prepare_instance_error_1,-1
vit,vnncomp2023_benchmarks/benchmarks/vit/onnx/pgd_2_3_16.onnx,vnncomp2023_benchmarks/benchmarks/vit/vnnlib/pgd_2_3_16_3527.vnnlib,2.333780057,prepare_instance_error_1,-1
vit,vnncomp2023_benchmarks/benchmarks/vit/onnx/pgd_2_3_16.onnx,vnncomp2023_benchmarks/benchmarks/vit/vnnlib/pgd_2_3_16_3775.vnnlib,2.350173447,prepare_instance_error_1,-1
vit,vnncomp2023_benchmarks/benchmarks/vit/onnx/pgd_2_3_16.onnx,vnncomp2023_benchmarks/benchmarks/vit/vnnlib/pgd_2_3_16_9470.vnnlib,2.353485360,prepare_instance_error_1,-1
vit,vnncomp2023_benchmarks/benchmarks/vit/onnx/pgd_2_3_16.onnx,vnncomp2023_benchmarks/benchmarks/vit/vnnlib/pgd_2_3_16_9106.vnnlib,2.328212073,prepare_instance_error_1,-1
vit,vnncomp2023_benchmarks/benchmarks/vit/onnx/pgd_2_3_16.onnx,vnncomp2023_benchmarks/benchmarks/vit/vnnlib/pgd_2_3_16_693.vnnlib,2.338628348,prepare_instance_error_1,-1
vit,vnncomp2023_benchmarks/benchmarks/vit/onnx/pgd_2_3_16.onnx,vnncomp2023_benchmarks/benchmarks/vit/vnnlib/pgd_2_3_16_4456.vnnlib,2.319781857,prepare_instance_error_1,-1
vit,vnncomp2023_benchmarks/benchmarks/vit/onnx/pgd_2_3_16.onnx,vnncomp2023_benchmarks/benchmarks/vit/vnnlib/pgd_2_3_16_8014.vnnlib,2.314550536,prepare_instance_error_1,-1
vit,vnncomp2023_benchmarks/benchmarks/vit/onnx/pgd_2_3_16.onnx,vnncomp2023_benchmarks/benchmarks/vit/vnnlib/pgd_2_3_16_5921.vnnlib,2.329399853,prepare_instance_error_1,-1
vit,vnncomp2023_benchmarks/benchmarks/vit/onnx/pgd_2_3_16.onnx,vnncomp2023_benchmarks/benchmarks/vit/vnnlib/pgd_2_3_16_5860.vnnlib,2.313985140,prepare_instance_error_1,-1
vit,vnncomp2023_benchmarks/benchmarks/vit/onnx/pgd_2_3_16.onnx,vnncomp2023_benchmarks/benchmarks/vit/vnnlib/pgd_2_3_16_6219.vnnlib,2.318122009,prepare_instance_error_1,-1
vit,vnncomp2023_benchmarks/benchmarks/vit/onnx/pgd_2_3_16.onnx,vnncomp2023_benchmarks/benchmarks/vit/vnnlib/pgd_2_3_16_5263.vnnlib,2.313035916,prepare_instance_error_1,-1
vit,vnncomp2023_benchmarks/benchmarks/vit/onnx/pgd_2_3_16.onnx,vnncomp2023_benchmarks/benchmarks/vit/vnnlib/pgd_2_3_16_5928.vnnlib,2.305302399,prepare_instance_error_1,-1
vit,vnncomp2023_benchmarks/benchmarks/vit/onnx/pgd_2_3_16.onnx,vnncomp2023_benchmarks/benchmarks/vit/vnnlib/pgd_2_3_16_9952.vnnlib,2.310190666,prepare_instance_error_1,-1
vit,vnncomp2023_benchmarks/benchmarks/vit/onnx/pgd_2_3_16.onnx,vnncomp2023_benchmarks/benchmarks/vit/vnnlib/pgd_2_3_16_9247.vnnlib,2.300842732,prepare_instance_error_1,-1
vit,vnncomp2023_benchmarks/benchmarks/vit/onnx/pgd_2_3_16.onnx,vnncomp2023_benchmarks/benchmarks/vit/vnnlib/pgd_2_3_16_3175.vnnlib,2.314910682,prepare_instance_error_1,-1
vit,vnncomp2023_benchmarks/benchmarks/vit/onnx/pgd_2_3_16.onnx,vnncomp2023_benchmarks/benchmarks/vit/vnnlib/pgd_2_3_16_4778.vnnlib,2.298861703,prepare_instance_error_1,-1
vit,vnncomp2023_benchmarks/benchmarks/vit/onnx/pgd_2_3_16.onnx,vnncomp2023_benchmarks/benchmarks/vit/vnnlib/pgd_2_3_16_7844.vnnlib,2.331269195,prepare_instance_error_1,-1
vit,vnncomp2023_benchmarks/benchmarks/vit/onnx/pgd_2_3_16.onnx,vnncomp2023_benchmarks/benchmarks/vit/vnnlib/pgd_2_3_16_3547.vnnlib,2.339626829,prepare_instance_error_1,-1
vit,vnncomp2023_benchmarks/benchmarks/vit/onnx/pgd_2_3_16.onnx,vnncomp2023_benchmarks/benchmarks/vit/vnnlib/pgd_2_3_16_9187.vnnlib,2.319847117,prepare_instance_error_1,-1
vit,vnncomp2023_benchmarks/benchmarks/vit/onnx/pgd_2_3_16.onnx,vnncomp2023_benchmarks/benchmarks/vit/vnnlib/pgd_2_3_16_1201.vnnlib,2.367278359,prepare_instance_error_1,-1
vit,vnncomp2023_benchmarks/benchmarks/vit/onnx/pgd_2_3_16.onnx,vnncomp2023_benchmarks/benchmarks/vit/vnnlib/pgd_2_3_16_2666.vnnlib,2.329519049,prepare_instance_error_1,-1
vit,vnncomp2023_benchmarks/benchmarks/vit/onnx/pgd_2_3_16.onnx,vnncomp2023_benchmarks/benchmarks/vit/vnnlib/pgd_2_3_16_7274.vnnlib,2.317075931,prepare_instance_error_1,-1
vit,vnncomp2023_benchmarks/benchmarks/vit/onnx/pgd_2_3_16.onnx,vnncomp2023_benchmarks/benchmarks/vit/vnnlib/pgd_2_3_16_241.vnnlib,2.323675063,prepare_instance_error_1,-1
vit,vnncomp2023_benchmarks/benchmarks/vit/onnx/pgd_2_3_16.onnx,vnncomp2023_benchmarks/benchmarks/vit/vnnlib/pgd_2_3_16_9205.vnnlib,2.341955933,prepare_instance_error_1,-1
vit,vnncomp2023_benchmarks/benchmarks/vit/onnx/pgd_2_3_16.onnx,vnncomp2023_benchmarks/benchmarks/vit/vnnlib/pgd_2_3_16_4789.vnnlib,2.314239303,prepare_instance_error_1,-1
vit,vnncomp2023_benchmarks/benchmarks/vit/onnx/pgd_2_3_16.onnx,vnncomp2023_benchmarks/benchmarks/vit/vnnlib/pgd_2_3_16_2152.vnnlib,2.323103174,prepare_instance_error_1,-1
vit,vnncomp2023_benchmarks/benchmarks/vit/onnx/pgd_2_3_16.onnx,vnncomp2023_benchmarks/benchmarks/vit/vnnlib/pgd_2_3_16_8709.vnnlib,2.329222749,prepare_instance_error_1,-1
vit,vnncomp2023_benchmarks/benchmarks/vit/onnx/pgd_2_3_16.onnx,vnncomp2023_benchmarks/benchmarks/vit/vnnlib/pgd_2_3_16_9689.vnnlib,2.329408094,prepare_instance_error_1,-1
vit,vnncomp2023_benchmarks/benchmarks/vit/onnx/pgd_2_3_16.onnx,vnncomp2023_benchmarks/benchmarks/vit/vnnlib/pgd_2_3_16_724.vnnlib,2.344880148,prepare_instance_error_1,-1
vit,vnncomp2023_benchmarks/benchmarks/vit/onnx/pgd_2_3_16.onnx,vnncomp2023_benchmarks/benchmarks/vit/vnnlib/pgd_2_3_16_8458.vnnlib,2.352366511,prepare_instance_error_1,-1
vit,vnncomp2023_benchmarks/benchmarks/vit/onnx/pgd_2_3_16.onnx,vnncomp2023_benchmarks/benchmarks/vit/vnnlib/pgd_2_3_16_2054.vnnlib,2.308146393,prepare_instance_error_1,-1
vit,vnncomp2023_benchmarks/benchmarks/vit/onnx/pgd_2_3_16.onnx,vnncomp2023_benchmarks/benchmarks/vit/vnnlib/pgd_2_3_16_985.vnnlib,2.305218053,prepare_instance_error_1,-1
vit,vnncomp2023_benchmarks/benchmarks/vit/onnx/ibp_3_3_8.onnx,vnncomp2023_benchmarks/benchmarks/vit/vnnlib/ibp_3_3_8_9119.vnnlib,2.310227886,prepare_instance_error_1,-1
vit,vnncomp2023_benchmarks/benchmarks/vit/onnx/ibp_3_3_8.onnx,vnncomp2023_benchmarks/benchmarks/vit/vnnlib/ibp_3_3_8_2351.vnnlib,2.314562437,prepare_instance_error_1,-1
vit,vnncomp2023_benchmarks/benchmarks/vit/onnx/ibp_3_3_8.onnx,vnncomp2023_benchmarks/benchmarks/vit/vnnlib/ibp_3_3_8_2675.vnnlib,2.330218481,prepare_instance_error_1,-1
vit,vnncomp2023_benchmarks/benchmarks/vit/onnx/ibp_3_3_8.onnx,vnncomp2023_benchmarks/benchmarks/vit/vnnlib/ibp_3_3_8_4879.vnnlib,2.315258475,prepare_instance_error_1,-1
vit,vnncomp2023_benchmarks/benchmarks/vit/onnx/ibp_3_3_8.onnx,vnncomp2023_benchmarks/benchmarks/vit/vnnlib/ibp_3_3_8_6025.vnnlib,2.330974288,prepare_instance_error_1,-1
vit,vnncomp2023_benchmarks/benchmarks/vit/onnx/ibp_3_3_8.onnx,vnncomp2023_benchmarks/benchmarks/vit/vnnlib/ibp_3_3_8_6263.vnnlib,2.318991813,prepare_instance_error_1,-1
vit,vnncomp2023_benchmarks/benchmarks/vit/onnx/ibp_3_3_8.onnx,vnncomp2023_benchmarks/benchmarks/vit/vnnlib/ibp_3_3_8_5233.vnnlib,2.327816189,prepare_instance_error_1,-1
vit,vnncomp2023_benchmarks/benchmarks/vit/onnx/ibp_3_3_8.onnx,vnncomp2023_benchmarks/benchmarks/vit/vnnlib/ibp_3_3_8_6948.vnnlib,2.326960851,prepare_instance_error_1,-1
vit,vnncomp2023_benchmarks/benchmarks/vit/onnx/ibp_3_3_8.onnx,vnncomp2023_benchmarks/benchmarks/vit/vnnlib/ibp_3_3_8_453.vnnlib,2.319632031,prepare_instance_error_1,-1
vit,vnncomp2023_benchmarks/benchmarks/vit/onnx/ibp_3_3_8.onnx,vnncomp2023_benchmarks/benchmarks/vit/vnnlib/ibp_3_3_8_1808.vnnlib,2.327939974,prepare_instance_error_1,-1
vit,vnncomp2023_benchmarks/benchmarks/vit/onnx/ibp_3_3_8.onnx,vnncomp2023_benchmarks/benchmarks/vit/vnnlib/ibp_3_3_8_2303.vnnlib,2.357401626,prepare_instance_error_1,-1
vit,vnncomp2023_benchmarks/benchmarks/vit/onnx/ibp_3_3_8.onnx,vnncomp2023_benchmarks/benchmarks/vit/vnnlib/ibp_3_3_8_9481.vnnlib,2.333193063,prepare_instance_error_1,-1
vit,vnncomp2023_benchmarks/benchmarks/vit/onnx/ibp_3_3_8.onnx,vnncomp2023_benchmarks/benchmarks/vit/vnnlib/ibp_3_3_8_6943.vnnlib,2.328025775,prepare_instance_error_1,-1
vit,vnncomp2023_benchmarks/benchmarks/vit/onnx/ibp_3_3_8.onnx,vnncomp2023_benchmarks/benchmarks/vit/vnnlib/ibp_3_3_8_7011.vnnlib,2.368187075,prepare_instance_error_1,-1
vit,vnncomp2023_benchmarks/benchmarks/vit/onnx/ibp_3_3_8.onnx,vnncomp2023_benchmarks/benchmarks/vit/vnnlib/ibp_3_3_8_9708.vnnlib,2.358508531,prepare_instance_error_1,-1
vit,vnncomp2023_benchmarks/benchmarks/vit/onnx/ibp_3_3_8.onnx,vnncomp2023_benchmarks/benchmarks/vit/vnnlib/ibp_3_3_8_580.vnnlib,2.326749335,prepare_instance_error_1,-1
vit,vnncomp2023_benchmarks/benchmarks/vit/onnx/ibp_3_3_8.onnx,vnncomp2023_benchmarks/benchmarks/vit/vnnlib/ibp_3_3_8_9430.vnnlib,2.329739711,prepare_instance_error_1,-1
vit,vnncomp2023_benchmarks/benchmarks/vit/onnx/ibp_3_3_8.onnx,vnncomp2023_benchmarks/benchmarks/vit/vnnlib/ibp_3_3_8_3375.vnnlib,2.304742532,prepare_instance_error_1,-1
vit,vnncomp2023_benchmarks/benchmarks/vit/onnx/ibp_3_3_8.onnx,vnncomp2023_benchmarks/benchmarks/vit/vnnlib/ibp_3_3_8_7986.vnnlib,2.334626519,prepare_instance_error_1,-1
vit,vnncomp2023_benchmarks/benchmarks/vit/onnx/ibp_3_3_8.onnx,vnncomp2023_benchmarks/benchmarks/vit/vnnlib/ibp_3_3_8_8863.vnnlib,2.326525358,prepare_instance_error_1,-1
vit,vnncomp2023_benchmarks/benchmarks/vit/onnx/ibp_3_3_8.onnx,vnncomp2023_benchmarks/benchmarks/vit/vnnlib/ibp_3_3_8_167.vnnlib,2.335379472,prepare_instance_error_1,-1
vit,vnncomp2023_benchmarks/benchmarks/vit/onnx/ibp_3_3_8.onnx,vnncomp2023_benchmarks/benchmarks/vit/vnnlib/ibp_3_3_8_7877.vnnlib,2.347070474,prepare_instance_error_1,-1
vit,vnncomp2023_benchmarks/benchmarks/vit/onnx/ibp_3_3_8.onnx,vnncomp2023_benchmarks/benchmarks/vit/vnnlib/ibp_3_3_8_4997.vnnlib,2.336405423,prepare_instance_error_1,-1
vit,vnncomp2023_benchmarks/benchmarks/vit/onnx/ibp_3_3_8.onnx,vnncomp2023_benchmarks/benchmarks/vit/vnnlib/ibp_3_3_8_4831.vnnlib,2.396309124,prepare_instance_error_1,-1
vit,vnncomp2023_benchmarks/benchmarks/vit/onnx/ibp_3_3_8.onnx,vnncomp2023_benchmarks/benchmarks/vit/vnnlib/ibp_3_3_8_4640.vnnlib,2.337949555,prepare_instance_error_1,-1
vit,vnncomp2023_benchmarks/benchmarks/vit/onnx/ibp_3_3_8.onnx,vnncomp2023_benchmarks/benchmarks/vit/vnnlib/ibp_3_3_8_1648.vnnlib,2.324226177,prepare_instance_error_1,-1
vit,vnncomp2023_benchmarks/benchmarks/vit/onnx/ibp_3_3_8.onnx,vnncomp2023_benchmarks/benchmarks/vit/vnnlib/ibp_3_3_8_1796.vnnlib,2.318018287,prepare_instance_error_1,-1
vit,vnncomp2023_benchmarks/benchmarks/vit/onnx/ibp_3_3_8.onnx,vnncomp2023_benchmarks/benchmarks/vit/vnnlib/ibp_3_3_8_4027.vnnlib,2.328891918,prepare_instance_error_1,-1
vit,vnncomp2023_benchmarks/benchmarks/vit/onnx/ibp_3_3_8.onnx,vnncomp2023_benchmarks/benchmarks/vit/vnnlib/ibp_3_3_8_7889.vnnlib,2.326281829,prepare_instance_error_1,-1
vit,vnncomp2023_benchmarks/benchmarks/vit/onnx/ibp_3_3_8.onnx,vnncomp2023_benchmarks/benchmarks/vit/vnnlib/ibp_3_3_8_9105.vnnlib,2.336467039,prepare_instance_error_1,-1
vit,vnncomp2023_benchmarks/benchmarks/vit/onnx/ibp_3_3_8.onnx,vnncomp2023_benchmarks/benchmarks/vit/vnnlib/ibp_3_3_8_4316.vnnlib,2.307571577,prepare_instance_error_1,-1
vit,vnncomp2023_benchmarks/benchmarks/vit/onnx/ibp_3_3_8.onnx,vnncomp2023_benchmarks/benchmarks/vit/vnnlib/ibp_3_3_8_4948.vnnlib,2.297279161,prepare_instance_error_1,-1
vit,vnncomp2023_benchmarks/benchmarks/vit/onnx/ibp_3_3_8.onnx,vnncomp2023_benchmarks/benchmarks/vit/vnnlib/ibp_3_3_8_5402.vnnlib,2.327753525,prepare_instance_error_1,-1
vit,vnncomp2023_benchmarks/benchmarks/vit/onnx/ibp_3_3_8.onnx,vnncomp2023_benchmarks/benchmarks/vit/vnnlib/ibp_3_3_8_3613.vnnlib,2.319833096,prepare_instance_error_1,-1
vit,vnncomp2023_benchmarks/benchmarks/vit/onnx/ibp_3_3_8.onnx,vnncomp2023_benchmarks/benchmarks/vit/vnnlib/ibp_3_3_8_1140.vnnlib,2.318266304,prepare_instance_error_1,-1
vit,vnncomp2023_benchmarks/benchmarks/vit/onnx/ibp_3_3_8.onnx,vnncomp2023_benchmarks/benchmarks/vit/vnnlib/ibp_3_3_8_971.vnnlib,2.355374814,prepare_instance_error_1,-1
vit,vnncomp2023_benchmarks/benchmarks/vit/onnx/ibp_3_3_8.onnx,vnncomp2023_benchmarks/benchmarks/vit/vnnlib/ibp_3_3_8_4703.vnnlib,2.337332735,prepare_instance_error_1,-1
vit,vnncomp2023_benchmarks/benchmarks/vit/onnx/ibp_3_3_8.onnx,vnncomp2023_benchmarks/benchmarks/vit/vnnlib/ibp_3_3_8_4974.vnnlib,2.327511814,prepare_instance_error_1,-1
vit,vnncomp2023_benchmarks/benchmarks/vit/onnx/ibp_3_3_8.onnx,vnncomp2023_benchmarks/benchmarks/vit/vnnlib/ibp_3_3_8_7894.vnnlib,2.370510740,prepare_instance_error_1,-1
vit,vnncomp2023_benchmarks/benchmarks/vit/onnx/ibp_3_3_8.onnx,vnncomp2023_benchmarks/benchmarks/vit/vnnlib/ibp_3_3_8_8386.vnnlib,2.324473958,prepare_instance_error_1,-1
vit,vnncomp2023_benchmarks/benchmarks/vit/onnx/ibp_3_3_8.onnx,vnncomp2023_benchmarks/benchmarks/vit/vnnlib/ibp_3_3_8_7227.vnnlib,2.310573496,prepare_instance_error_1,-1
vit,vnncomp2023_benchmarks/benchmarks/vit/onnx/ibp_3_3_8.onnx,vnncomp2023_benchmarks/benchmarks/vit/vnnlib/ibp_3_3_8_5251.vnnlib,2.328342986,prepare_instance_error_1,-1
vit,vnncomp2023_benchmarks/benchmarks/vit/onnx/ibp_3_3_8.onnx,vnncomp2023_benchmarks/benchmarks/vit/vnnlib/ibp_3_3_8_1973.vnnlib,2.359988810,prepare_instance_error_1,-1
vit,vnncomp2023_benchmarks/benchmarks/vit/onnx/ibp_3_3_8.onnx,vnncomp2023_benchmarks/benchmarks/vit/vnnlib/ibp_3_3_8_6091.vnnlib,2.316915087,prepare_instance_error_1,-1
vit,vnncomp2023_benchmarks/benchmarks/vit/onnx/ibp_3_3_8.onnx,vnncomp2023_benchmarks/benchmarks/vit/vnnlib/ibp_3_3_8_4199.vnnlib,2.310885689,prepare_instance_error_1,-1
vit,vnncomp2023_benchmarks/benchmarks/vit/onnx/ibp_3_3_8.onnx,vnncomp2023_benchmarks/benchmarks/vit/vnnlib/ibp_3_3_8_1666.vnnlib,2.343425302,prepare_instance_error_1,-1
vit,vnncomp2023_benchmarks/benchmarks/vit/onnx/ibp_3_3_8.onnx,vnncomp2023_benchmarks/benchmarks/vit/vnnlib/ibp_3_3_8_8783.vnnlib,2.296121224,prepare_instance_error_1,-1
vit,vnncomp2023_benchmarks/benchmarks/vit/onnx/ibp_3_3_8.onnx,vnncomp2023_benchmarks/benchmarks/vit/vnnlib/ibp_3_3_8_6027.vnnlib,2.344582003,prepare_instance_error_1,-1
vit,vnncomp2023_benchmarks/benchmarks/vit/onnx/ibp_3_3_8.onnx,vnncomp2023_benchmarks/benchmarks/vit/vnnlib/ibp_3_3_8_8025.vnnlib,2.354909015,prepare_instance_error_1,-1
vit,vnncomp2023_benchmarks/benchmarks/vit/onnx/ibp_3_3_8.onnx,vnncomp2023_benchmarks/benchmarks/vit/vnnlib/ibp_3_3_8_6096.vnnlib,2.349048722,prepare_instance_error_1,-1
vit,vnncomp2023_benchmarks/benchmarks/vit/onnx/ibp_3_3_8.onnx,vnncomp2023_benchmarks/benchmarks/vit/vnnlib/ibp_3_3_8_8694.vnnlib,2.347762787,prepare_instance_error_1,-1
vit,vnncomp2023_benchmarks/benchmarks/vit/onnx/ibp_3_3_8.onnx,vnncomp2023_benchmarks/benchmarks/vit/vnnlib/ibp_3_3_8_7116.vnnlib,2.318937452,prepare_instance_error_1,-1
vit,vnncomp2023_benchmarks/benchmarks/vit/onnx/ibp_3_3_8.onnx,vnncomp2023_benchmarks/benchmarks/vit/vnnlib/ibp_3_3_8_3692.vnnlib,2.315682529,prepare_instance_error_1,-1
vit,vnncomp2023_benchmarks/benchmarks/vit/onnx/ibp_3_3_8.onnx,vnncomp2023_benchmarks/benchmarks/vit/vnnlib/ibp_3_3_8_2339.vnnlib,2.313095639,prepare_instance_error_1,-1
vit,vnncomp2023_benchmarks/benchmarks/vit/onnx/ibp_3_3_8.onnx,vnncomp2023_benchmarks/benchmarks/vit/vnnlib/ibp_3_3_8_3105.vnnlib,2.337873402,prepare_instance_error_1,-1
vit,vnncomp2023_benchmarks/benchmarks/vit/onnx/ibp_3_3_8.onnx,vnncomp2023_benchmarks/benchmarks/vit/vnnlib/ibp_3_3_8_460.vnnlib,2.319570860,prepare_instance_error_1,-1
vit,vnncomp2023_benchmarks/benchmarks/vit/onnx/ibp_3_3_8.onnx,vnncomp2023_benchmarks/benchmarks/vit/vnnlib/ibp_3_3_8_1829.vnnlib,2.312172653,prepare_instance_error_1,-1
vit,vnncomp2023_benchmarks/benchmarks/vit/onnx/ibp_3_3_8.onnx,vnncomp2023_benchmarks/benchmarks/vit/vnnlib/ibp_3_3_8_828.vnnlib,2.316715791,prepare_instance_error_1,-1
vit,vnncomp2023_benchmarks/benchmarks/vit/onnx/ibp_3_3_8.onnx,vnncomp2023_benchmarks/benchmarks/vit/vnnlib/ibp_3_3_8_9687.vnnlib,2.334441815,prepare_instance_error_1,-1
vit,vnncomp2023_benchmarks/benchmarks/vit/onnx/ibp_3_3_8.onnx,vnncomp2023_benchmarks/benchmarks/vit/vnnlib/ibp_3_3_8_6300.vnnlib,2.326579923,prepare_instance_error_1,-1
vit,vnncomp2023_benchmarks/benchmarks/vit/onnx/ibp_3_3_8.onnx,vnncomp2023_benchmarks/benchmarks/vit/vnnlib/ibp_3_3_8_8591.vnnlib,2.332411415,prepare_instance_error_1,-1
vit,vnncomp2023_benchmarks/benchmarks/vit/onnx/ibp_3_3_8.onnx,vnncomp2023_benchmarks/benchmarks/vit/vnnlib/ibp_3_3_8_1266.vnnlib,2.352432705,prepare_instance_error_1,-1
vit,vnncomp2023_benchmarks/benchmarks/vit/onnx/ibp_3_3_8.onnx,vnncomp2023_benchmarks/benchmarks/vit/vnnlib/ibp_3_3_8_5342.vnnlib,2.318370721,prepare_instance_error_1,-1
vit,vnncomp2023_benchmarks/benchmarks/vit/onnx/ibp_3_3_8.onnx,vnncomp2023_benchmarks/benchmarks/vit/vnnlib/ibp_3_3_8_8137.vnnlib,2.348926784,prepare_instance_error_1,-1
vit,vnncomp2023_benchmarks/benchmarks/vit/onnx/ibp_3_3_8.onnx,vnncomp2023_benchmarks/benchmarks/vit/vnnlib/ibp_3_3_8_7157.vnnlib,2.371086342,prepare_instance_error_1,-1
vit,vnncomp2023_benchmarks/benchmarks/vit/onnx/ibp_3_3_8.onnx,vnncomp2023_benchmarks/benchmarks/vit/vnnlib/ibp_3_3_8_3683.vnnlib,2.329516254,prepare_instance_error_1,-1
vit,vnncomp2023_benchmarks/benchmarks/vit/onnx/ibp_3_3_8.onnx,vnncomp2023_benchmarks/benchmarks/vit/vnnlib/ibp_3_3_8_3131.vnnlib,2.315150590,prepare_instance_error_1,-1
vit,vnncomp2023_benchmarks/benchmarks/vit/onnx/ibp_3_3_8.onnx,vnncomp2023_benchmarks/benchmarks/vit/vnnlib/ibp_3_3_8_4065.vnnlib,2.326244391,prepare_instance_error_1,-1
vit,vnncomp2023_benchmarks/benchmarks/vit/onnx/ibp_3_3_8.onnx,vnncomp2023_benchmarks/benchmarks/vit/vnnlib/ibp_3_3_8_8445.vnnlib,2.323145786,prepare_instance_error_1,-1
vit,vnncomp2023_benchmarks/benchmarks/vit/onnx/ibp_3_3_8.onnx,vnncomp2023_benchmarks/benchmarks/vit/vnnlib/ibp_3_3_8_8748.vnnlib,2.337426666,prepare_instance_error_1,-1
vit,vnncomp2023_benchmarks/benchmarks/vit/onnx/ibp_3_3_8.onnx,vnncomp2023_benchmarks/benchmarks/vit/vnnlib/ibp_3_3_8_8916.vnnlib,2.329000773,prepare_instance_error_1,-1
vit,vnncomp2023_benchmarks/benchmarks/vit/onnx/ibp_3_3_8.onnx,vnncomp2023_benchmarks/benchmarks/vit/vnnlib/ibp_3_3_8_2949.vnnlib,2.324651317,prepare_instance_error_1,-1
vit,vnncomp2023_benchmarks/benchmarks/vit/onnx/ibp_3_3_8.onnx,vnncomp2023_benchmarks/benchmarks/vit/vnnlib/ibp_3_3_8_8918.vnnlib,2.334869375,prepare_instance_error_1,-1
vit,vnncomp2023_benchmarks/benchmarks/vit/onnx/ibp_3_3_8.onnx,vnncomp2023_benchmarks/benchmarks/vit/vnnlib/ibp_3_3_8_3266.vnnlib,2.337138019,prepare_instance_error_1,-1
vit,vnncomp2023_benchmarks/benchmarks/vit/onnx/ibp_3_3_8.onnx,vnncomp2023_benchmarks/benchmarks/vit/vnnlib/ibp_3_3_8_3031.vnnlib,2.347129442,prepare_instance_error_1,-1
vit,vnncomp2023_benchmarks/benchmarks/vit/onnx/ibp_3_3_8.onnx,vnncomp2023_benchmarks/benchmarks/vit/vnnlib/ibp_3_3_8_4846.vnnlib,2.354871176,prepare_instance_error_1,-1
vit,vnncomp2023_benchmarks/benchmarks/vit/onnx/ibp_3_3_8.onnx,vnncomp2023_benchmarks/benchmarks/vit/vnnlib/ibp_3_3_8_837.vnnlib,2.326727445,prepare_instance_error_1,-1
vit,vnncomp2023_benchmarks/benchmarks/vit/onnx/ibp_3_3_8.onnx,vnncomp2023_benchmarks/benchmarks/vit/vnnlib/ibp_3_3_8_4861.vnnlib,2.358679306,prepare_instance_error_1,-1
vit,vnncomp2023_benchmarks/benchmarks/vit/onnx/ibp_3_3_8.onnx,vnncomp2023_benchmarks/benchmarks/vit/vnnlib/ibp_3_3_8_7364.vnnlib,2.325690867,prepare_instance_error_1,-1
vit,vnncomp2023_benchmarks/benchmarks/vit/onnx/ibp_3_3_8.onnx,vnncomp2023_benchmarks/benchmarks/vit/vnnlib/ibp_3_3_8_4524.vnnlib,2.323548218,prepare_instance_error_1,-1
vit,vnncomp2023_benchmarks/benchmarks/vit/onnx/ibp_3_3_8.onnx,vnncomp2023_benchmarks/benchmarks/vit/vnnlib/ibp_3_3_8_1367.vnnlib,2.338101752,prepare_instance_error_1,-1
vit,vnncomp2023_benchmarks/benchmarks/vit/onnx/ibp_3_3_8.onnx,vnncomp2023_benchmarks/benchmarks/vit/vnnlib/ibp_3_3_8_8440.vnnlib,2.310785985,prepare_instance_error_1,-1
vit,vnncomp2023_benchmarks/benchmarks/vit/onnx/ibp_3_3_8.onnx,vnncomp2023_benchmarks/benchmarks/vit/vnnlib/ibp_3_3_8_9062.vnnlib,2.308871338,prepare_instance_error_1,-1
vit,vnncomp2023_benchmarks/benchmarks/vit/onnx/ibp_3_3_8.onnx,vnncomp2023_benchmarks/benchmarks/vit/vnnlib/ibp_3_3_8_9895.vnnlib,2.328315251,prepare_instance_error_1,-1
vit,vnncomp2023_benchmarks/benchmarks/vit/onnx/ibp_3_3_8.onnx,vnncomp2023_benchmarks/benchmarks/vit/vnnlib/ibp_3_3_8_8189.vnnlib,2.331496651,prepare_instance_error_1,-1
vit,vnncomp2023_benchmarks/benchmarks/vit/onnx/ibp_3_3_8.onnx,vnncomp2023_benchmarks/benchmarks/vit/vnnlib/ibp_3_3_8_4775.vnnlib,2.347424454,prepare_instance_error_1,-1
vit,vnncomp2023_benchmarks/benchmarks/vit/onnx/ibp_3_3_8.onnx,vnncomp2023_benchmarks/benchmarks/vit/vnnlib/ibp_3_3_8_8481.vnnlib,2.340803569,prepare_instance_error_1,-1
vit,vnncomp2023_benchmarks/benchmarks/vit/onnx/ibp_3_3_8.onnx,vnncomp2023_benchmarks/benchmarks/vit/vnnlib/ibp_3_3_8_2738.vnnlib,2.319728148,prepare_instance_error_1,-1
vit,vnncomp2023_benchmarks/benchmarks/vit/onnx/ibp_3_3_8.onnx,vnncomp2023_benchmarks/benchmarks/vit/vnnlib/ibp_3_3_8_6056.vnnlib,2.302800280,prepare_instance_error_1,-1
vit,vnncomp2023_benchmarks/benchmarks/vit/onnx/ibp_3_3_8.onnx,vnncomp2023_benchmarks/benchmarks/vit/vnnlib/ibp_3_3_8_4559.vnnlib,2.303832127,prepare_instance_error_1,-1
vit,vnncomp2023_benchmarks/benchmarks/vit/onnx/ibp_3_3_8.onnx,vnncomp2023_benchmarks/benchmarks/vit/vnnlib/ibp_3_3_8_1279.vnnlib,2.384597370,prepare_instance_error_1,-1
vit,vnncomp2023_benchmarks/benchmarks/vit/onnx/ibp_3_3_8.onnx,vnncomp2023_benchmarks/benchmarks/vit/vnnlib/ibp_3_3_8_1678.vnnlib,2.317345690,prepare_instance_error_1,-1
vit,vnncomp2023_benchmarks/benchmarks/vit/onnx/ibp_3_3_8.onnx,vnncomp2023_benchmarks/benchmarks/vit/vnnlib/ibp_3_3_8_5899.vnnlib,2.311245940,prepare_instance_error_1,-1
vit,vnncomp2023_benchmarks/benchmarks/vit/onnx/ibp_3_3_8.onnx,vnncomp2023_benchmarks/benchmarks/vit/vnnlib/ibp_3_3_8_6401.vnnlib,2.314577182,prepare_instance_error_1,-1
vit,vnncomp2023_benchmarks/benchmarks/vit/onnx/ibp_3_3_8.onnx,vnncomp2023_benchmarks/benchmarks/vit/vnnlib/ibp_3_3_8_3850.vnnlib,2.329190878,prepare_instance_error_1,-1
vit,vnncomp2023_benchmarks/benchmarks/vit/onnx/ibp_3_3_8.onnx,vnncomp2023_benchmarks/benchmarks/vit/vnnlib/ibp_3_3_8_9344.vnnlib,2.333305152,prepare_instance_error_1,-1
vit,vnncomp2023_benchmarks/benchmarks/vit/onnx/ibp_3_3_8.onnx,vnncomp2023_benchmarks/benchmarks/vit/vnnlib/ibp_3_3_8_260.vnnlib,2.325280008,prepare_instance_error_1,-1
vit,vnncomp2023_benchmarks/benchmarks/vit/onnx/ibp_3_3_8.onnx,vnncomp2023_benchmarks/benchmarks/vit/vnnlib/ibp_3_3_8_786.vnnlib,2.327222265,prepare_instance_error_1,-1
vit,vnncomp2023_benchmarks/benchmarks/vit/onnx/ibp_3_3_8.onnx,vnncomp2023_benchmarks/benchmarks/vit/vnnlib/ibp_3_3_8_2157.vnnlib,2.311081055,prepare_instance_error_1,-1
vit,vnncomp2023_benchmarks/benchmarks/vit/onnx/ibp_3_3_8.onnx,vnncomp2023_benchmarks/benchmarks/vit/vnnlib/ibp_3_3_8_8309.vnnlib,2.328423292,prepare_instance_error_1,-1
vit,vnncomp2023_benchmarks/benchmarks/test/test_nano.onnx,vnncomp2023_benchmarks/benchmarks/test/test_nano.vnnlib,2.342911748,unsat,3.637806372
