vit,vnncomp2023_benchmarks/benchmarks/vit/onnx/pgd_2_3_16.onnx,vnncomp2023_benchmarks/benchmarks/vit/vnnlib/pgd_2_3_16_4021.vnnlib,.016487434,unknown,18.947850838
vit,vnncomp2023_benchmarks/benchmarks/vit/onnx/pgd_2_3_16.onnx,vnncomp2023_benchmarks/benchmarks/vit/vnnlib/pgd_2_3_16_9907.vnnlib,.018059918,unknown,17.685369562
vit,vnncomp2023_benchmarks/benchmarks/vit/onnx/pgd_2_3_16.onnx,vnncomp2023_benchmarks/benchmarks/vit/vnnlib/pgd_2_3_16_7308.vnnlib,.018394283,unknown,17.895458044
vit,vnncomp2023_benchmarks/benchmarks/vit/onnx/pgd_2_3_16.onnx,vnncomp2023_benchmarks/benchmarks/vit/vnnlib/pgd_2_3_16_3347.vnnlib,.018439858,unknown,17.515280262
vit,vnncomp2023_benchmarks/benchmarks/vit/onnx/pgd_2_3_16.onnx,vnncomp2023_benchmarks/benchmarks/vit/vnnlib/pgd_2_3_16_1159.vnnlib,.018467813,unknown,17.527497311
vit,vnncomp2023_benchmarks/benchmarks/vit/onnx/pgd_2_3_16.onnx,vnncomp2023_benchmarks/benchmarks/vit/vnnlib/pgd_2_3_16_7732.vnnlib,.017918660,unknown,17.632637206
vit,vnncomp2023_benchmarks/benchmarks/vit/onnx/pgd_2_3_16.onnx,vnncomp2023_benchmarks/benchmarks/vit/vnnlib/pgd_2_3_16_7047.vnnlib,.018649534,unknown,17.608622936
vit,vnncomp2023_benchmarks/benchmarks/vit/onnx/pgd_2_3_16.onnx,vnncomp2023_benchmarks/benchmarks/vit/vnnlib/pgd_2_3_16_9914.vnnlib,.017749867,unknown,17.361429342
vit,vnncomp2023_benchmarks/benchmarks/vit/onnx/pgd_2_3_16.onnx,vnncomp2023_benchmarks/benchmarks/vit/vnnlib/pgd_2_3_16_388.vnnlib,.020685995,unknown,17.521459781
vit,vnncomp2023_benchmarks/benchmarks/vit/onnx/pgd_2_3_16.onnx,vnncomp2023_benchmarks/benchmarks/vit/vnnlib/pgd_2_3_16_9371.vnnlib,.018412055,unknown,17.789199039
vit,vnncomp2023_benchmarks/benchmarks/vit/onnx/pgd_2_3_16.onnx,vnncomp2023_benchmarks/benchmarks/vit/vnnlib/pgd_2_3_16_566.vnnlib,.017860986,unknown,17.706213345
vit,vnncomp2023_benchmarks/benchmarks/vit/onnx/pgd_2_3_16.onnx,vnncomp2023_benchmarks/benchmarks/vit/vnnlib/pgd_2_3_16_3727.vnnlib,.017814811,unknown,17.734021510
vit,vnncomp2023_benchmarks/benchmarks/vit/onnx/pgd_2_3_16.onnx,vnncomp2023_benchmarks/benchmarks/vit/vnnlib/pgd_2_3_16_8722.vnnlib,.019698139,unknown,17.518547518
vit,vnncomp2023_benchmarks/benchmarks/vit/onnx/pgd_2_3_16.onnx,vnncomp2023_benchmarks/benchmarks/vit/vnnlib/pgd_2_3_16_5954.vnnlib,.017411051,unknown,17.852619975
vit,vnncomp2023_benchmarks/benchmarks/vit/onnx/pgd_2_3_16.onnx,vnncomp2023_benchmarks/benchmarks/vit/vnnlib/pgd_2_3_16_6470.vnnlib,.017997550,unknown,17.791226930
vit,vnncomp2023_benchmarks/benchmarks/vit/onnx/pgd_2_3_16.onnx,vnncomp2023_benchmarks/benchmarks/vit/vnnlib/pgd_2_3_16_1190.vnnlib,.017570695,unknown,17.493994018
vit,vnncomp2023_benchmarks/benchmarks/vit/onnx/pgd_2_3_16.onnx,vnncomp2023_benchmarks/benchmarks/vit/vnnlib/pgd_2_3_16_7196.vnnlib,.017896836,unknown,17.858278556
vit,vnncomp2023_benchmarks/benchmarks/vit/onnx/pgd_2_3_16.onnx,vnncomp2023_benchmarks/benchmarks/vit/vnnlib/pgd_2_3_16_1436.vnnlib,.017887931,unknown,17.580289917
vit,vnncomp2023_benchmarks/benchmarks/vit/onnx/pgd_2_3_16.onnx,vnncomp2023_benchmarks/benchmarks/vit/vnnlib/pgd_2_3_16_1871.vnnlib,.017768633,unknown,18.169942065
vit,vnncomp2023_benchmarks/benchmarks/vit/onnx/pgd_2_3_16.onnx,vnncomp2023_benchmarks/benchmarks/vit/vnnlib/pgd_2_3_16_7328.vnnlib,.017623030,unknown,17.797275287
vit,vnncomp2023_benchmarks/benchmarks/vit/onnx/pgd_2_3_16.onnx,vnncomp2023_benchmarks/benchmarks/vit/vnnlib/pgd_2_3_16_1210.vnnlib,.017564157,unknown,17.728655077
vit,vnncomp2023_benchmarks/benchmarks/vit/onnx/pgd_2_3_16.onnx,vnncomp2023_benchmarks/benchmarks/vit/vnnlib/pgd_2_3_16_4671.vnnlib,.018053881,unknown,18.032701903
vit,vnncomp2023_benchmarks/benchmarks/vit/onnx/pgd_2_3_16.onnx,vnncomp2023_benchmarks/benchmarks/vit/vnnlib/pgd_2_3_16_60.vnnlib,.017461721,unknown,17.647714989
vit,vnncomp2023_benchmarks/benchmarks/vit/onnx/pgd_2_3_16.onnx,vnncomp2023_benchmarks/benchmarks/vit/vnnlib/pgd_2_3_16_1546.vnnlib,.016978310,unknown,17.846378579
vit,vnncomp2023_benchmarks/benchmarks/vit/onnx/pgd_2_3_16.onnx,vnncomp2023_benchmarks/benchmarks/vit/vnnlib/pgd_2_3_16_3870.vnnlib,.017958575,unknown,17.851652538
vit,vnncomp2023_benchmarks/benchmarks/vit/onnx/pgd_2_3_16.onnx,vnncomp2023_benchmarks/benchmarks/vit/vnnlib/pgd_2_3_16_8998.vnnlib,.017313834,unknown,17.868598685
vit,vnncomp2023_benchmarks/benchmarks/vit/onnx/pgd_2_3_16.onnx,vnncomp2023_benchmarks/benchmarks/vit/vnnlib/pgd_2_3_16_3661.vnnlib,.017866897,unknown,17.695753577
vit,vnncomp2023_benchmarks/benchmarks/vit/onnx/pgd_2_3_16.onnx,vnncomp2023_benchmarks/benchmarks/vit/vnnlib/pgd_2_3_16_6908.vnnlib,.017500560,unknown,17.833910195
vit,vnncomp2023_benchmarks/benchmarks/vit/onnx/pgd_2_3_16.onnx,vnncomp2023_benchmarks/benchmarks/vit/vnnlib/pgd_2_3_16_9016.vnnlib,.017866694,unknown,17.787316070
vit,vnncomp2023_benchmarks/benchmarks/vit/onnx/pgd_2_3_16.onnx,vnncomp2023_benchmarks/benchmarks/vit/vnnlib/pgd_2_3_16_1179.vnnlib,.017690069,unknown,17.741325712
vit,vnncomp2023_benchmarks/benchmarks/vit/onnx/pgd_2_3_16.onnx,vnncomp2023_benchmarks/benchmarks/vit/vnnlib/pgd_2_3_16_7022.vnnlib,.017723437,unknown,17.522909942
vit,vnncomp2023_benchmarks/benchmarks/vit/onnx/pgd_2_3_16.onnx,vnncomp2023_benchmarks/benchmarks/vit/vnnlib/pgd_2_3_16_7320.vnnlib,.018133958,unknown,17.604210132
vit,vnncomp2023_benchmarks/benchmarks/vit/onnx/pgd_2_3_16.onnx,vnncomp2023_benchmarks/benchmarks/vit/vnnlib/pgd_2_3_16_9202.vnnlib,.017938611,unknown,17.994209246
vit,vnncomp2023_benchmarks/benchmarks/vit/onnx/pgd_2_3_16.onnx,vnncomp2023_benchmarks/benchmarks/vit/vnnlib/pgd_2_3_16_7396.vnnlib,.017239914,unknown,17.960543963
vit,vnncomp2023_benchmarks/benchmarks/vit/onnx/pgd_2_3_16.onnx,vnncomp2023_benchmarks/benchmarks/vit/vnnlib/pgd_2_3_16_9531.vnnlib,.017418083,unknown,17.710595789
vit,vnncomp2023_benchmarks/benchmarks/vit/onnx/pgd_2_3_16.onnx,vnncomp2023_benchmarks/benchmarks/vit/vnnlib/pgd_2_3_16_1029.vnnlib,.018408849,unknown,17.489712539
vit,vnncomp2023_benchmarks/benchmarks/vit/onnx/pgd_2_3_16.onnx,vnncomp2023_benchmarks/benchmarks/vit/vnnlib/pgd_2_3_16_7700.vnnlib,.017385943,unknown,17.997021502
vit,vnncomp2023_benchmarks/benchmarks/vit/onnx/pgd_2_3_16.onnx,vnncomp2023_benchmarks/benchmarks/vit/vnnlib/pgd_2_3_16_9779.vnnlib,.018006886,unknown,17.779373191
vit,vnncomp2023_benchmarks/benchmarks/vit/onnx/pgd_2_3_16.onnx,vnncomp2023_benchmarks/benchmarks/vit/vnnlib/pgd_2_3_16_5090.vnnlib,.017519412,unknown,17.596346587
vit,vnncomp2023_benchmarks/benchmarks/vit/onnx/pgd_2_3_16.onnx,vnncomp2023_benchmarks/benchmarks/vit/vnnlib/pgd_2_3_16_2913.vnnlib,.017267171,unknown,17.586537982
vit,vnncomp2023_benchmarks/benchmarks/vit/onnx/pgd_2_3_16.onnx,vnncomp2023_benchmarks/benchmarks/vit/vnnlib/pgd_2_3_16_5693.vnnlib,.018624775,unknown,17.816649225
vit,vnncomp2023_benchmarks/benchmarks/vit/onnx/pgd_2_3_16.onnx,vnncomp2023_benchmarks/benchmarks/vit/vnnlib/pgd_2_3_16_6749.vnnlib,.017413287,unknown,17.771270822
vit,vnncomp2023_benchmarks/benchmarks/vit/onnx/pgd_2_3_16.onnx,vnncomp2023_benchmarks/benchmarks/vit/vnnlib/pgd_2_3_16_9145.vnnlib,.016662578,unknown,17.806453691
vit,vnncomp2023_benchmarks/benchmarks/vit/onnx/pgd_2_3_16.onnx,vnncomp2023_benchmarks/benchmarks/vit/vnnlib/pgd_2_3_16_5339.vnnlib,.017536181,unknown,17.851044032
vit,vnncomp2023_benchmarks/benchmarks/vit/onnx/pgd_2_3_16.onnx,vnncomp2023_benchmarks/benchmarks/vit/vnnlib/pgd_2_3_16_5927.vnnlib,.016736291,unknown,17.964555922
vit,vnncomp2023_benchmarks/benchmarks/vit/onnx/pgd_2_3_16.onnx,vnncomp2023_benchmarks/benchmarks/vit/vnnlib/pgd_2_3_16_1264.vnnlib,.016982862,unknown,17.785947901
vit,vnncomp2023_benchmarks/benchmarks/vit/onnx/pgd_2_3_16.onnx,vnncomp2023_benchmarks/benchmarks/vit/vnnlib/pgd_2_3_16_1683.vnnlib,.017660944,unknown,17.852023936
vit,vnncomp2023_benchmarks/benchmarks/vit/onnx/pgd_2_3_16.onnx,vnncomp2023_benchmarks/benchmarks/vit/vnnlib/pgd_2_3_16_5288.vnnlib,.016649379,unknown,17.591140803
vit,vnncomp2023_benchmarks/benchmarks/vit/onnx/pgd_2_3_16.onnx,vnncomp2023_benchmarks/benchmarks/vit/vnnlib/pgd_2_3_16_5755.vnnlib,.017494271,unknown,17.858560803
vit,vnncomp2023_benchmarks/benchmarks/vit/onnx/pgd_2_3_16.onnx,vnncomp2023_benchmarks/benchmarks/vit/vnnlib/pgd_2_3_16_6818.vnnlib,.016530433,unknown,17.806372239
vit,vnncomp2023_benchmarks/benchmarks/vit/onnx/pgd_2_3_16.onnx,vnncomp2023_benchmarks/benchmarks/vit/vnnlib/pgd_2_3_16_5.vnnlib,.016790834,unknown,18.066169632
vit,vnncomp2023_benchmarks/benchmarks/vit/onnx/pgd_2_3_16.onnx,vnncomp2023_benchmarks/benchmarks/vit/vnnlib/pgd_2_3_16_1656.vnnlib,.016840779,unknown,17.777457166
vit,vnncomp2023_benchmarks/benchmarks/vit/onnx/pgd_2_3_16.onnx,vnncomp2023_benchmarks/benchmarks/vit/vnnlib/pgd_2_3_16_253.vnnlib,.017825181,unknown,17.704761694
vit,vnncomp2023_benchmarks/benchmarks/vit/onnx/pgd_2_3_16.onnx,vnncomp2023_benchmarks/benchmarks/vit/vnnlib/pgd_2_3_16_2776.vnnlib,.018039862,unknown,17.927343908
vit,vnncomp2023_benchmarks/benchmarks/vit/onnx/pgd_2_3_16.onnx,vnncomp2023_benchmarks/benchmarks/vit/vnnlib/pgd_2_3_16_5348.vnnlib,.017648259,unknown,17.804495187
vit,vnncomp2023_benchmarks/benchmarks/vit/onnx/pgd_2_3_16.onnx,vnncomp2023_benchmarks/benchmarks/vit/vnnlib/pgd_2_3_16_4070.vnnlib,.018723743,unknown,17.766055013
vit,vnncomp2023_benchmarks/benchmarks/vit/onnx/pgd_2_3_16.onnx,vnncomp2023_benchmarks/benchmarks/vit/vnnlib/pgd_2_3_16_8950.vnnlib,.018861801,unknown,17.702758805
vit,vnncomp2023_benchmarks/benchmarks/vit/onnx/pgd_2_3_16.onnx,vnncomp2023_benchmarks/benchmarks/vit/vnnlib/pgd_2_3_16_1174.vnnlib,.017431552,unknown,17.645070421
vit,vnncomp2023_benchmarks/benchmarks/vit/onnx/pgd_2_3_16.onnx,vnncomp2023_benchmarks/benchmarks/vit/vnnlib/pgd_2_3_16_6645.vnnlib,.017547690,unknown,17.974084323
vit,vnncomp2023_benchmarks/benchmarks/vit/onnx/pgd_2_3_16.onnx,vnncomp2023_benchmarks/benchmarks/vit/vnnlib/pgd_2_3_16_1647.vnnlib,.017681002,unknown,17.652989049
vit,vnncomp2023_benchmarks/benchmarks/vit/onnx/pgd_2_3_16.onnx,vnncomp2023_benchmarks/benchmarks/vit/vnnlib/pgd_2_3_16_8083.vnnlib,.018168023,unknown,17.621782331
vit,vnncomp2023_benchmarks/benchmarks/vit/onnx/pgd_2_3_16.onnx,vnncomp2023_benchmarks/benchmarks/vit/vnnlib/pgd_2_3_16_9739.vnnlib,.017410292,unknown,17.752990806
vit,vnncomp2023_benchmarks/benchmarks/vit/onnx/pgd_2_3_16.onnx,vnncomp2023_benchmarks/benchmarks/vit/vnnlib/pgd_2_3_16_6118.vnnlib,.017669181,unknown,18.001934620
vit,vnncomp2023_benchmarks/benchmarks/vit/onnx/pgd_2_3_16.onnx,vnncomp2023_benchmarks/benchmarks/vit/vnnlib/pgd_2_3_16_1005.vnnlib,.016775098,unknown,17.828499738
vit,vnncomp2023_benchmarks/benchmarks/vit/onnx/pgd_2_3_16.onnx,vnncomp2023_benchmarks/benchmarks/vit/vnnlib/pgd_2_3_16_7064.vnnlib,.018087926,unknown,17.999970102
vit,vnncomp2023_benchmarks/benchmarks/vit/onnx/pgd_2_3_16.onnx,vnncomp2023_benchmarks/benchmarks/vit/vnnlib/pgd_2_3_16_75.vnnlib,.017164891,unknown,17.575062984
vit,vnncomp2023_benchmarks/benchmarks/vit/onnx/pgd_2_3_16.onnx,vnncomp2023_benchmarks/benchmarks/vit/vnnlib/pgd_2_3_16_6999.vnnlib,.017562552,unknown,17.870255191
vit,vnncomp2023_benchmarks/benchmarks/vit/onnx/pgd_2_3_16.onnx,vnncomp2023_benchmarks/benchmarks/vit/vnnlib/pgd_2_3_16_9811.vnnlib,.017718306,unknown,17.853267193
vit,vnncomp2023_benchmarks/benchmarks/vit/onnx/pgd_2_3_16.onnx,vnncomp2023_benchmarks/benchmarks/vit/vnnlib/pgd_2_3_16_3527.vnnlib,.019097990,unknown,17.818396643
vit,vnncomp2023_benchmarks/benchmarks/vit/onnx/pgd_2_3_16.onnx,vnncomp2023_benchmarks/benchmarks/vit/vnnlib/pgd_2_3_16_3775.vnnlib,.017769070,unknown,17.478684836
vit,vnncomp2023_benchmarks/benchmarks/vit/onnx/pgd_2_3_16.onnx,vnncomp2023_benchmarks/benchmarks/vit/vnnlib/pgd_2_3_16_9470.vnnlib,.017495551,unknown,17.737362230
vit,vnncomp2023_benchmarks/benchmarks/vit/onnx/pgd_2_3_16.onnx,vnncomp2023_benchmarks/benchmarks/vit/vnnlib/pgd_2_3_16_9106.vnnlib,.016345751,unknown,17.898661452
vit,vnncomp2023_benchmarks/benchmarks/vit/onnx/pgd_2_3_16.onnx,vnncomp2023_benchmarks/benchmarks/vit/vnnlib/pgd_2_3_16_693.vnnlib,.016873588,unknown,17.838550352
vit,vnncomp2023_benchmarks/benchmarks/vit/onnx/pgd_2_3_16.onnx,vnncomp2023_benchmarks/benchmarks/vit/vnnlib/pgd_2_3_16_4456.vnnlib,.016454125,unknown,17.825312654
vit,vnncomp2023_benchmarks/benchmarks/vit/onnx/pgd_2_3_16.onnx,vnncomp2023_benchmarks/benchmarks/vit/vnnlib/pgd_2_3_16_8014.vnnlib,.018582882,unknown,17.911502750
vit,vnncomp2023_benchmarks/benchmarks/vit/onnx/pgd_2_3_16.onnx,vnncomp2023_benchmarks/benchmarks/vit/vnnlib/pgd_2_3_16_5921.vnnlib,.017081868,unknown,17.957881684
vit,vnncomp2023_benchmarks/benchmarks/vit/onnx/pgd_2_3_16.onnx,vnncomp2023_benchmarks/benchmarks/vit/vnnlib/pgd_2_3_16_5860.vnnlib,.016340689,unknown,17.711057429
vit,vnncomp2023_benchmarks/benchmarks/vit/onnx/pgd_2_3_16.onnx,vnncomp2023_benchmarks/benchmarks/vit/vnnlib/pgd_2_3_16_6219.vnnlib,.016736961,unknown,17.896478352
vit,vnncomp2023_benchmarks/benchmarks/vit/onnx/pgd_2_3_16.onnx,vnncomp2023_benchmarks/benchmarks/vit/vnnlib/pgd_2_3_16_5263.vnnlib,.016459506,unknown,17.861416445
vit,vnncomp2023_benchmarks/benchmarks/vit/onnx/pgd_2_3_16.onnx,vnncomp2023_benchmarks/benchmarks/vit/vnnlib/pgd_2_3_16_5928.vnnlib,.017189039,unknown,17.815302500
vit,vnncomp2023_benchmarks/benchmarks/vit/onnx/pgd_2_3_16.onnx,vnncomp2023_benchmarks/benchmarks/vit/vnnlib/pgd_2_3_16_9952.vnnlib,.017490960,unknown,17.860609046
vit,vnncomp2023_benchmarks/benchmarks/vit/onnx/pgd_2_3_16.onnx,vnncomp2023_benchmarks/benchmarks/vit/vnnlib/pgd_2_3_16_9247.vnnlib,.016546231,unknown,17.815692632
vit,vnncomp2023_benchmarks/benchmarks/vit/onnx/pgd_2_3_16.onnx,vnncomp2023_benchmarks/benchmarks/vit/vnnlib/pgd_2_3_16_3175.vnnlib,.016492352,unknown,17.654622210
vit,vnncomp2023_benchmarks/benchmarks/vit/onnx/pgd_2_3_16.onnx,vnncomp2023_benchmarks/benchmarks/vit/vnnlib/pgd_2_3_16_4778.vnnlib,.016363793,unknown,17.701161547
vit,vnncomp2023_benchmarks/benchmarks/vit/onnx/pgd_2_3_16.onnx,vnncomp2023_benchmarks/benchmarks/vit/vnnlib/pgd_2_3_16_7844.vnnlib,.017259789,unknown,17.856264946
vit,vnncomp2023_benchmarks/benchmarks/vit/onnx/pgd_2_3_16.onnx,vnncomp2023_benchmarks/benchmarks/vit/vnnlib/pgd_2_3_16_3547.vnnlib,.018389231,unknown,17.757437013
vit,vnncomp2023_benchmarks/benchmarks/vit/onnx/pgd_2_3_16.onnx,vnncomp2023_benchmarks/benchmarks/vit/vnnlib/pgd_2_3_16_9187.vnnlib,.016535793,unknown,17.576939654
vit,vnncomp2023_benchmarks/benchmarks/vit/onnx/pgd_2_3_16.onnx,vnncomp2023_benchmarks/benchmarks/vit/vnnlib/pgd_2_3_16_1201.vnnlib,.016670812,unknown,17.797700167
vit,vnncomp2023_benchmarks/benchmarks/vit/onnx/pgd_2_3_16.onnx,vnncomp2023_benchmarks/benchmarks/vit/vnnlib/pgd_2_3_16_2666.vnnlib,.017060275,unknown,17.995423599
vit,vnncomp2023_benchmarks/benchmarks/vit/onnx/pgd_2_3_16.onnx,vnncomp2023_benchmarks/benchmarks/vit/vnnlib/pgd_2_3_16_7274.vnnlib,.016536643,unknown,17.803618777
vit,vnncomp2023_benchmarks/benchmarks/vit/onnx/pgd_2_3_16.onnx,vnncomp2023_benchmarks/benchmarks/vit/vnnlib/pgd_2_3_16_241.vnnlib,.017037883,unknown,17.752283455
vit,vnncomp2023_benchmarks/benchmarks/vit/onnx/pgd_2_3_16.onnx,vnncomp2023_benchmarks/benchmarks/vit/vnnlib/pgd_2_3_16_9205.vnnlib,.016474845,unknown,17.810928497
vit,vnncomp2023_benchmarks/benchmarks/vit/onnx/pgd_2_3_16.onnx,vnncomp2023_benchmarks/benchmarks/vit/vnnlib/pgd_2_3_16_4789.vnnlib,.017457597,unknown,17.828352489
vit,vnncomp2023_benchmarks/benchmarks/vit/onnx/pgd_2_3_16.onnx,vnncomp2023_benchmarks/benchmarks/vit/vnnlib/pgd_2_3_16_2152.vnnlib,.018808938,unknown,17.814561077
vit,vnncomp2023_benchmarks/benchmarks/vit/onnx/pgd_2_3_16.onnx,vnncomp2023_benchmarks/benchmarks/vit/vnnlib/pgd_2_3_16_8709.vnnlib,.017692946,unknown,17.725560641
vit,vnncomp2023_benchmarks/benchmarks/vit/onnx/pgd_2_3_16.onnx,vnncomp2023_benchmarks/benchmarks/vit/vnnlib/pgd_2_3_16_9689.vnnlib,.018523410,unknown,17.829652477
vit,vnncomp2023_benchmarks/benchmarks/vit/onnx/pgd_2_3_16.onnx,vnncomp2023_benchmarks/benchmarks/vit/vnnlib/pgd_2_3_16_724.vnnlib,.016750407,unknown,17.690934657
vit,vnncomp2023_benchmarks/benchmarks/vit/onnx/pgd_2_3_16.onnx,vnncomp2023_benchmarks/benchmarks/vit/vnnlib/pgd_2_3_16_8458.vnnlib,.016675388,unknown,17.789406724
vit,vnncomp2023_benchmarks/benchmarks/vit/onnx/pgd_2_3_16.onnx,vnncomp2023_benchmarks/benchmarks/vit/vnnlib/pgd_2_3_16_2054.vnnlib,.016478896,unknown,18.074969785
vit,vnncomp2023_benchmarks/benchmarks/vit/onnx/pgd_2_3_16.onnx,vnncomp2023_benchmarks/benchmarks/vit/vnnlib/pgd_2_3_16_985.vnnlib,.016706699,unknown,17.499644172
vit,vnncomp2023_benchmarks/benchmarks/vit/onnx/ibp_3_3_8.onnx,vnncomp2023_benchmarks/benchmarks/vit/vnnlib/ibp_3_3_8_9119.vnnlib,.018603314,unknown,21.323811497
vit,vnncomp2023_benchmarks/benchmarks/vit/onnx/ibp_3_3_8.onnx,vnncomp2023_benchmarks/benchmarks/vit/vnnlib/ibp_3_3_8_2351.vnnlib,.016514228,unknown,21.012507349
vit,vnncomp2023_benchmarks/benchmarks/vit/onnx/ibp_3_3_8.onnx,vnncomp2023_benchmarks/benchmarks/vit/vnnlib/ibp_3_3_8_2675.vnnlib,.016794988,unknown,21.081637203
vit,vnncomp2023_benchmarks/benchmarks/vit/onnx/ibp_3_3_8.onnx,vnncomp2023_benchmarks/benchmarks/vit/vnnlib/ibp_3_3_8_4879.vnnlib,.016280281,unknown,21.189881524
vit,vnncomp2023_benchmarks/benchmarks/vit/onnx/ibp_3_3_8.onnx,vnncomp2023_benchmarks/benchmarks/vit/vnnlib/ibp_3_3_8_6025.vnnlib,.016292080,unknown,21.073970321
vit,vnncomp2023_benchmarks/benchmarks/vit/onnx/ibp_3_3_8.onnx,vnncomp2023_benchmarks/benchmarks/vit/vnnlib/ibp_3_3_8_6263.vnnlib,.017682655,unknown,20.995182523
vit,vnncomp2023_benchmarks/benchmarks/vit/onnx/ibp_3_3_8.onnx,vnncomp2023_benchmarks/benchmarks/vit/vnnlib/ibp_3_3_8_5233.vnnlib,.017085753,unknown,21.347582913
vit,vnncomp2023_benchmarks/benchmarks/vit/onnx/ibp_3_3_8.onnx,vnncomp2023_benchmarks/benchmarks/vit/vnnlib/ibp_3_3_8_6948.vnnlib,.017910428,unknown,20.969146675
vit,vnncomp2023_benchmarks/benchmarks/vit/onnx/ibp_3_3_8.onnx,vnncomp2023_benchmarks/benchmarks/vit/vnnlib/ibp_3_3_8_453.vnnlib,.017633410,unknown,21.104453543
vit,vnncomp2023_benchmarks/benchmarks/vit/onnx/ibp_3_3_8.onnx,vnncomp2023_benchmarks/benchmarks/vit/vnnlib/ibp_3_3_8_1808.vnnlib,.017580228,unknown,20.986374823
vit,vnncomp2023_benchmarks/benchmarks/vit/onnx/ibp_3_3_8.onnx,vnncomp2023_benchmarks/benchmarks/vit/vnnlib/ibp_3_3_8_2303.vnnlib,.016169077,unknown,21.572010070
vit,vnncomp2023_benchmarks/benchmarks/vit/onnx/ibp_3_3_8.onnx,vnncomp2023_benchmarks/benchmarks/vit/vnnlib/ibp_3_3_8_9481.vnnlib,.017766142,unknown,20.897141705
vit,vnncomp2023_benchmarks/benchmarks/vit/onnx/ibp_3_3_8.onnx,vnncomp2023_benchmarks/benchmarks/vit/vnnlib/ibp_3_3_8_6943.vnnlib,.017844333,unknown,20.940473916
vit,vnncomp2023_benchmarks/benchmarks/vit/onnx/ibp_3_3_8.onnx,vnncomp2023_benchmarks/benchmarks/vit/vnnlib/ibp_3_3_8_7011.vnnlib,.016625756,unknown,21.295460369
vit,vnncomp2023_benchmarks/benchmarks/vit/onnx/ibp_3_3_8.onnx,vnncomp2023_benchmarks/benchmarks/vit/vnnlib/ibp_3_3_8_9708.vnnlib,.017400439,unknown,21.098844560
vit,vnncomp2023_benchmarks/benchmarks/vit/onnx/ibp_3_3_8.onnx,vnncomp2023_benchmarks/benchmarks/vit/vnnlib/ibp_3_3_8_580.vnnlib,.016894139,unknown,21.062859298
vit,vnncomp2023_benchmarks/benchmarks/vit/onnx/ibp_3_3_8.onnx,vnncomp2023_benchmarks/benchmarks/vit/vnnlib/ibp_3_3_8_9430.vnnlib,.016615619,unknown,20.928537045
vit,vnncomp2023_benchmarks/benchmarks/vit/onnx/ibp_3_3_8.onnx,vnncomp2023_benchmarks/benchmarks/vit/vnnlib/ibp_3_3_8_3375.vnnlib,.016444623,unknown,21.252922060
vit,vnncomp2023_benchmarks/benchmarks/vit/onnx/ibp_3_3_8.onnx,vnncomp2023_benchmarks/benchmarks/vit/vnnlib/ibp_3_3_8_7986.vnnlib,.016812252,unknown,21.352997392
vit,vnncomp2023_benchmarks/benchmarks/vit/onnx/ibp_3_3_8.onnx,vnncomp2023_benchmarks/benchmarks/vit/vnnlib/ibp_3_3_8_8863.vnnlib,.016502683,unknown,21.190408379
vit,vnncomp2023_benchmarks/benchmarks/vit/onnx/ibp_3_3_8.onnx,vnncomp2023_benchmarks/benchmarks/vit/vnnlib/ibp_3_3_8_167.vnnlib,.018340900,unknown,21.457600266
vit,vnncomp2023_benchmarks/benchmarks/vit/onnx/ibp_3_3_8.onnx,vnncomp2023_benchmarks/benchmarks/vit/vnnlib/ibp_3_3_8_7877.vnnlib,.016392380,unknown,21.303351039
vit,vnncomp2023_benchmarks/benchmarks/vit/onnx/ibp_3_3_8.onnx,vnncomp2023_benchmarks/benchmarks/vit/vnnlib/ibp_3_3_8_4997.vnnlib,.017827703,unknown,21.149442099
vit,vnncomp2023_benchmarks/benchmarks/vit/onnx/ibp_3_3_8.onnx,vnncomp2023_benchmarks/benchmarks/vit/vnnlib/ibp_3_3_8_4831.vnnlib,.017164740,unknown,21.145874136
vit,vnncomp2023_benchmarks/benchmarks/vit/onnx/ibp_3_3_8.onnx,vnncomp2023_benchmarks/benchmarks/vit/vnnlib/ibp_3_3_8_4640.vnnlib,.017449078,unknown,21.378838609
vit,vnncomp2023_benchmarks/benchmarks/vit/onnx/ibp_3_3_8.onnx,vnncomp2023_benchmarks/benchmarks/vit/vnnlib/ibp_3_3_8_1648.vnnlib,.017836383,unknown,21.041672680
vit,vnncomp2023_benchmarks/benchmarks/vit/onnx/ibp_3_3_8.onnx,vnncomp2023_benchmarks/benchmarks/vit/vnnlib/ibp_3_3_8_1796.vnnlib,.016946111,unknown,21.476965552
vit,vnncomp2023_benchmarks/benchmarks/vit/onnx/ibp_3_3_8.onnx,vnncomp2023_benchmarks/benchmarks/vit/vnnlib/ibp_3_3_8_4027.vnnlib,.016620584,unknown,21.515122682
vit,vnncomp2023_benchmarks/benchmarks/vit/onnx/ibp_3_3_8.onnx,vnncomp2023_benchmarks/benchmarks/vit/vnnlib/ibp_3_3_8_7889.vnnlib,.016919683,unknown,21.127758718
vit,vnncomp2023_benchmarks/benchmarks/vit/onnx/ibp_3_3_8.onnx,vnncomp2023_benchmarks/benchmarks/vit/vnnlib/ibp_3_3_8_9105.vnnlib,.016516847,unknown,21.075474660
vit,vnncomp2023_benchmarks/benchmarks/vit/onnx/ibp_3_3_8.onnx,vnncomp2023_benchmarks/benchmarks/vit/vnnlib/ibp_3_3_8_4316.vnnlib,.016672519,unknown,21.240324682
vit,vnncomp2023_benchmarks/benchmarks/vit/onnx/ibp_3_3_8.onnx,vnncomp2023_benchmarks/benchmarks/vit/vnnlib/ibp_3_3_8_4948.vnnlib,.016242582,unknown,21.206030359
vit,vnncomp2023_benchmarks/benchmarks/vit/onnx/ibp_3_3_8.onnx,vnncomp2023_benchmarks/benchmarks/vit/vnnlib/ibp_3_3_8_5402.vnnlib,.017645156,unknown,21.050331087
vit,vnncomp2023_benchmarks/benchmarks/vit/onnx/ibp_3_3_8.onnx,vnncomp2023_benchmarks/benchmarks/vit/vnnlib/ibp_3_3_8_3613.vnnlib,.016745700,unknown,21.117639709
vit,vnncomp2023_benchmarks/benchmarks/vit/onnx/ibp_3_3_8.onnx,vnncomp2023_benchmarks/benchmarks/vit/vnnlib/ibp_3_3_8_1140.vnnlib,.017423645,unknown,21.009086739
vit,vnncomp2023_benchmarks/benchmarks/vit/onnx/ibp_3_3_8.onnx,vnncomp2023_benchmarks/benchmarks/vit/vnnlib/ibp_3_3_8_971.vnnlib,.017232612,unknown,21.310393608
vit,vnncomp2023_benchmarks/benchmarks/vit/onnx/ibp_3_3_8.onnx,vnncomp2023_benchmarks/benchmarks/vit/vnnlib/ibp_3_3_8_4703.vnnlib,.017190649,unknown,20.785563085
vit,vnncomp2023_benchmarks/benchmarks/vit/onnx/ibp_3_3_8.onnx,vnncomp2023_benchmarks/benchmarks/vit/vnnlib/ibp_3_3_8_4974.vnnlib,.017608096,unknown,21.181569377
vit,vnncomp2023_benchmarks/benchmarks/vit/onnx/ibp_3_3_8.onnx,vnncomp2023_benchmarks/benchmarks/vit/vnnlib/ibp_3_3_8_7894.vnnlib,.019204588,unknown,21.035404102
vit,vnncomp2023_benchmarks/benchmarks/vit/onnx/ibp_3_3_8.onnx,vnncomp2023_benchmarks/benchmarks/vit/vnnlib/ibp_3_3_8_8386.vnnlib,.017459800,unknown,21.146657012
vit,vnncomp2023_benchmarks/benchmarks/vit/onnx/ibp_3_3_8.onnx,vnncomp2023_benchmarks/benchmarks/vit/vnnlib/ibp_3_3_8_7227.vnnlib,.016583499,unknown,21.260609885
vit,vnncomp2023_benchmarks/benchmarks/vit/onnx/ibp_3_3_8.onnx,vnncomp2023_benchmarks/benchmarks/vit/vnnlib/ibp_3_3_8_5251.vnnlib,.017031758,unknown,21.233983900
vit,vnncomp2023_benchmarks/benchmarks/vit/onnx/ibp_3_3_8.onnx,vnncomp2023_benchmarks/benchmarks/vit/vnnlib/ibp_3_3_8_1973.vnnlib,.016725466,unknown,21.344203847
vit,vnncomp2023_benchmarks/benchmarks/vit/onnx/ibp_3_3_8.onnx,vnncomp2023_benchmarks/benchmarks/vit/vnnlib/ibp_3_3_8_6091.vnnlib,.018371257,unknown,21.279609964
vit,vnncomp2023_benchmarks/benchmarks/vit/onnx/ibp_3_3_8.onnx,vnncomp2023_benchmarks/benchmarks/vit/vnnlib/ibp_3_3_8_4199.vnnlib,.016481477,unknown,21.300844633
vit,vnncomp2023_benchmarks/benchmarks/vit/onnx/ibp_3_3_8.onnx,vnncomp2023_benchmarks/benchmarks/vit/vnnlib/ibp_3_3_8_1666.vnnlib,.017227795,unknown,21.091382612
vit,vnncomp2023_benchmarks/benchmarks/vit/onnx/ibp_3_3_8.onnx,vnncomp2023_benchmarks/benchmarks/vit/vnnlib/ibp_3_3_8_8783.vnnlib,.018039527,unknown,20.851957871
vit,vnncomp2023_benchmarks/benchmarks/vit/onnx/ibp_3_3_8.onnx,vnncomp2023_benchmarks/benchmarks/vit/vnnlib/ibp_3_3_8_6027.vnnlib,.016565548,unknown,21.219295724
vit,vnncomp2023_benchmarks/benchmarks/vit/onnx/ibp_3_3_8.onnx,vnncomp2023_benchmarks/benchmarks/vit/vnnlib/ibp_3_3_8_8025.vnnlib,.017000321,unknown,21.327411497
vit,vnncomp2023_benchmarks/benchmarks/vit/onnx/ibp_3_3_8.onnx,vnncomp2023_benchmarks/benchmarks/vit/vnnlib/ibp_3_3_8_6096.vnnlib,.017443771,unknown,21.076842512
vit,vnncomp2023_benchmarks/benchmarks/vit/onnx/ibp_3_3_8.onnx,vnncomp2023_benchmarks/benchmarks/vit/vnnlib/ibp_3_3_8_8694.vnnlib,.017543191,unknown,21.235680502
vit,vnncomp2023_benchmarks/benchmarks/vit/onnx/ibp_3_3_8.onnx,vnncomp2023_benchmarks/benchmarks/vit/vnnlib/ibp_3_3_8_7116.vnnlib,.017591853,unknown,21.033422602
vit,vnncomp2023_benchmarks/benchmarks/vit/onnx/ibp_3_3_8.onnx,vnncomp2023_benchmarks/benchmarks/vit/vnnlib/ibp_3_3_8_3692.vnnlib,.017801991,unknown,21.134619879
vit,vnncomp2023_benchmarks/benchmarks/vit/onnx/ibp_3_3_8.onnx,vnncomp2023_benchmarks/benchmarks/vit/vnnlib/ibp_3_3_8_2339.vnnlib,.018074455,unknown,21.356035116
vit,vnncomp2023_benchmarks/benchmarks/vit/onnx/ibp_3_3_8.onnx,vnncomp2023_benchmarks/benchmarks/vit/vnnlib/ibp_3_3_8_3105.vnnlib,.016845913,unknown,21.256461772
vit,vnncomp2023_benchmarks/benchmarks/vit/onnx/ibp_3_3_8.onnx,vnncomp2023_benchmarks/benchmarks/vit/vnnlib/ibp_3_3_8_460.vnnlib,.016697320,unknown,21.185197333
vit,vnncomp2023_benchmarks/benchmarks/vit/onnx/ibp_3_3_8.onnx,vnncomp2023_benchmarks/benchmarks/vit/vnnlib/ibp_3_3_8_1829.vnnlib,.017193944,unknown,21.209557008
vit,vnncomp2023_benchmarks/benchmarks/vit/onnx/ibp_3_3_8.onnx,vnncomp2023_benchmarks/benchmarks/vit/vnnlib/ibp_3_3_8_828.vnnlib,.017666931,unknown,21.326296347
vit,vnncomp2023_benchmarks/benchmarks/vit/onnx/ibp_3_3_8.onnx,vnncomp2023_benchmarks/benchmarks/vit/vnnlib/ibp_3_3_8_9687.vnnlib,.017792102,unknown,21.031558991
vit,vnncomp2023_benchmarks/benchmarks/vit/onnx/ibp_3_3_8.onnx,vnncomp2023_benchmarks/benchmarks/vit/vnnlib/ibp_3_3_8_6300.vnnlib,.017368445,unknown,20.979727917
vit,vnncomp2023_benchmarks/benchmarks/vit/onnx/ibp_3_3_8.onnx,vnncomp2023_benchmarks/benchmarks/vit/vnnlib/ibp_3_3_8_8591.vnnlib,.017382034,unknown,21.184486717
vit,vnncomp2023_benchmarks/benchmarks/vit/onnx/ibp_3_3_8.onnx,vnncomp2023_benchmarks/benchmarks/vit/vnnlib/ibp_3_3_8_1266.vnnlib,.017526212,unknown,21.084220423
vit,vnncomp2023_benchmarks/benchmarks/vit/onnx/ibp_3_3_8.onnx,vnncomp2023_benchmarks/benchmarks/vit/vnnlib/ibp_3_3_8_5342.vnnlib,.016737702,unknown,21.500791270
vit,vnncomp2023_benchmarks/benchmarks/vit/onnx/ibp_3_3_8.onnx,vnncomp2023_benchmarks/benchmarks/vit/vnnlib/ibp_3_3_8_8137.vnnlib,.016717054,unknown,20.926556295
vit,vnncomp2023_benchmarks/benchmarks/vit/onnx/ibp_3_3_8.onnx,vnncomp2023_benchmarks/benchmarks/vit/vnnlib/ibp_3_3_8_7157.vnnlib,.016995717,unknown,21.239524571
vit,vnncomp2023_benchmarks/benchmarks/vit/onnx/ibp_3_3_8.onnx,vnncomp2023_benchmarks/benchmarks/vit/vnnlib/ibp_3_3_8_3683.vnnlib,.017725876,unknown,21.243260206
vit,vnncomp2023_benchmarks/benchmarks/vit/onnx/ibp_3_3_8.onnx,vnncomp2023_benchmarks/benchmarks/vit/vnnlib/ibp_3_3_8_3131.vnnlib,.017200141,unknown,21.318406602
vit,vnncomp2023_benchmarks/benchmarks/vit/onnx/ibp_3_3_8.onnx,vnncomp2023_benchmarks/benchmarks/vit/vnnlib/ibp_3_3_8_4065.vnnlib,.017709215,unknown,21.160422193
vit,vnncomp2023_benchmarks/benchmarks/vit/onnx/ibp_3_3_8.onnx,vnncomp2023_benchmarks/benchmarks/vit/vnnlib/ibp_3_3_8_8445.vnnlib,.016901856,unknown,21.309187144
vit,vnncomp2023_benchmarks/benchmarks/vit/onnx/ibp_3_3_8.onnx,vnncomp2023_benchmarks/benchmarks/vit/vnnlib/ibp_3_3_8_8748.vnnlib,.017074988,unknown,21.071504188
vit,vnncomp2023_benchmarks/benchmarks/vit/onnx/ibp_3_3_8.onnx,vnncomp2023_benchmarks/benchmarks/vit/vnnlib/ibp_3_3_8_8916.vnnlib,.017244220,unknown,21.381097807
vit,vnncomp2023_benchmarks/benchmarks/vit/onnx/ibp_3_3_8.onnx,vnncomp2023_benchmarks/benchmarks/vit/vnnlib/ibp_3_3_8_2949.vnnlib,.016502295,unknown,20.983246462
vit,vnncomp2023_benchmarks/benchmarks/vit/onnx/ibp_3_3_8.onnx,vnncomp2023_benchmarks/benchmarks/vit/vnnlib/ibp_3_3_8_8918.vnnlib,.017661912,unknown,20.941437305
vit,vnncomp2023_benchmarks/benchmarks/vit/onnx/ibp_3_3_8.onnx,vnncomp2023_benchmarks/benchmarks/vit/vnnlib/ibp_3_3_8_3266.vnnlib,.017059318,unknown,21.008193519
vit,vnncomp2023_benchmarks/benchmarks/vit/onnx/ibp_3_3_8.onnx,vnncomp2023_benchmarks/benchmarks/vit/vnnlib/ibp_3_3_8_3031.vnnlib,.017520548,unknown,21.122892236
vit,vnncomp2023_benchmarks/benchmarks/vit/onnx/ibp_3_3_8.onnx,vnncomp2023_benchmarks/benchmarks/vit/vnnlib/ibp_3_3_8_4846.vnnlib,.017862149,unknown,21.162155055
vit,vnncomp2023_benchmarks/benchmarks/vit/onnx/ibp_3_3_8.onnx,vnncomp2023_benchmarks/benchmarks/vit/vnnlib/ibp_3_3_8_837.vnnlib,.017859611,unknown,21.070908794
vit,vnncomp2023_benchmarks/benchmarks/vit/onnx/ibp_3_3_8.onnx,vnncomp2023_benchmarks/benchmarks/vit/vnnlib/ibp_3_3_8_4861.vnnlib,.017656632,unknown,21.401014939
vit,vnncomp2023_benchmarks/benchmarks/vit/onnx/ibp_3_3_8.onnx,vnncomp2023_benchmarks/benchmarks/vit/vnnlib/ibp_3_3_8_7364.vnnlib,.017560610,unknown,21.125630509
vit,vnncomp2023_benchmarks/benchmarks/vit/onnx/ibp_3_3_8.onnx,vnncomp2023_benchmarks/benchmarks/vit/vnnlib/ibp_3_3_8_4524.vnnlib,.017084053,unknown,21.074072111
vit,vnncomp2023_benchmarks/benchmarks/vit/onnx/ibp_3_3_8.onnx,vnncomp2023_benchmarks/benchmarks/vit/vnnlib/ibp_3_3_8_1367.vnnlib,.016962552,unknown,21.274863848
vit,vnncomp2023_benchmarks/benchmarks/vit/onnx/ibp_3_3_8.onnx,vnncomp2023_benchmarks/benchmarks/vit/vnnlib/ibp_3_3_8_8440.vnnlib,.018484494,unknown,20.930388065
vit,vnncomp2023_benchmarks/benchmarks/vit/onnx/ibp_3_3_8.onnx,vnncomp2023_benchmarks/benchmarks/vit/vnnlib/ibp_3_3_8_9062.vnnlib,.017738483,unknown,21.091784630
vit,vnncomp2023_benchmarks/benchmarks/vit/onnx/ibp_3_3_8.onnx,vnncomp2023_benchmarks/benchmarks/vit/vnnlib/ibp_3_3_8_9895.vnnlib,.016760712,unknown,21.260165791
vit,vnncomp2023_benchmarks/benchmarks/vit/onnx/ibp_3_3_8.onnx,vnncomp2023_benchmarks/benchmarks/vit/vnnlib/ibp_3_3_8_8189.vnnlib,.018474231,unknown,21.185683125
vit,vnncomp2023_benchmarks/benchmarks/vit/onnx/ibp_3_3_8.onnx,vnncomp2023_benchmarks/benchmarks/vit/vnnlib/ibp_3_3_8_4775.vnnlib,.017926000,unknown,21.202601506
vit,vnncomp2023_benchmarks/benchmarks/vit/onnx/ibp_3_3_8.onnx,vnncomp2023_benchmarks/benchmarks/vit/vnnlib/ibp_3_3_8_8481.vnnlib,.017838080,unknown,21.239459056
vit,vnncomp2023_benchmarks/benchmarks/vit/onnx/ibp_3_3_8.onnx,vnncomp2023_benchmarks/benchmarks/vit/vnnlib/ibp_3_3_8_2738.vnnlib,.017066850,unknown,21.085665130
vit,vnncomp2023_benchmarks/benchmarks/vit/onnx/ibp_3_3_8.onnx,vnncomp2023_benchmarks/benchmarks/vit/vnnlib/ibp_3_3_8_6056.vnnlib,.017665881,unknown,21.077086383
vit,vnncomp2023_benchmarks/benchmarks/vit/onnx/ibp_3_3_8.onnx,vnncomp2023_benchmarks/benchmarks/vit/vnnlib/ibp_3_3_8_4559.vnnlib,.017754137,unknown,21.419204789
vit,vnncomp2023_benchmarks/benchmarks/vit/onnx/ibp_3_3_8.onnx,vnncomp2023_benchmarks/benchmarks/vit/vnnlib/ibp_3_3_8_1279.vnnlib,.017459823,unknown,21.058714157
vit,vnncomp2023_benchmarks/benchmarks/vit/onnx/ibp_3_3_8.onnx,vnncomp2023_benchmarks/benchmarks/vit/vnnlib/ibp_3_3_8_1678.vnnlib,.017759977,unknown,21.125219866
vit,vnncomp2023_benchmarks/benchmarks/vit/onnx/ibp_3_3_8.onnx,vnncomp2023_benchmarks/benchmarks/vit/vnnlib/ibp_3_3_8_5899.vnnlib,.017005700,unknown,21.078195600
vit,vnncomp2023_benchmarks/benchmarks/vit/onnx/ibp_3_3_8.onnx,vnncomp2023_benchmarks/benchmarks/vit/vnnlib/ibp_3_3_8_6401.vnnlib,.017501440,unknown,21.111351696
vit,vnncomp2023_benchmarks/benchmarks/vit/onnx/ibp_3_3_8.onnx,vnncomp2023_benchmarks/benchmarks/vit/vnnlib/ibp_3_3_8_3850.vnnlib,.017543876,unknown,21.226770457
vit,vnncomp2023_benchmarks/benchmarks/vit/onnx/ibp_3_3_8.onnx,vnncomp2023_benchmarks/benchmarks/vit/vnnlib/ibp_3_3_8_9344.vnnlib,.017769321,unknown,21.613904604
vit,vnncomp2023_benchmarks/benchmarks/vit/onnx/ibp_3_3_8.onnx,vnncomp2023_benchmarks/benchmarks/vit/vnnlib/ibp_3_3_8_260.vnnlib,.018020840,unknown,21.204699239
vit,vnncomp2023_benchmarks/benchmarks/vit/onnx/ibp_3_3_8.onnx,vnncomp2023_benchmarks/benchmarks/vit/vnnlib/ibp_3_3_8_786.vnnlib,.017263523,unknown,20.873359164
vit,vnncomp2023_benchmarks/benchmarks/vit/onnx/ibp_3_3_8.onnx,vnncomp2023_benchmarks/benchmarks/vit/vnnlib/ibp_3_3_8_2157.vnnlib,.017089637,unknown,21.098939931
vit,vnncomp2023_benchmarks/benchmarks/vit/onnx/ibp_3_3_8.onnx,vnncomp2023_benchmarks/benchmarks/vit/vnnlib/ibp_3_3_8_8309.vnnlib,.017702568,unknown,21.563014924
vit,vnncomp2023_benchmarks/benchmarks/test/test_nano.onnx,vnncomp2023_benchmarks/benchmarks/test/test_nano.vnnlib,.017060160,no_result_in_file,6.860601645
