cifar100_tinyimagenet_resnet,vnncomp2022_benchmarks/benchmarks/cifar100_tinyimagenet_resnet/onnx/CIFAR100_resnet_small.onnx,vnncomp2022_benchmarks/benchmarks/cifar100_tinyimagenet_resnet/vnnlib/CIFAR100_resnet_small_prop_idx_7129_sidx_1634_eps_0.0039.vnnlib,.020829931,timeout,248.605143871
cifar100_tinyimagenet_resnet,vnncomp2022_benchmarks/benchmarks/cifar100_tinyimagenet_resnet/onnx/CIFAR100_resnet_small.onnx,vnncomp2022_benchmarks/benchmarks/cifar100_tinyimagenet_resnet/vnnlib/CIFAR100_resnet_small_prop_idx_2680_sidx_3489_eps_0.0039.vnnlib,.030444823,timeout,249.464027202
cifar100_tinyimagenet_resnet,vnncomp2022_benchmarks/benchmarks/cifar100_tinyimagenet_resnet/onnx/CIFAR100_resnet_small.onnx,vnncomp2022_benchmarks/benchmarks/cifar100_tinyimagenet_resnet/vnnlib/CIFAR100_resnet_small_prop_idx_7562_sidx_4256_eps_0.0039.vnnlib,.016884564,timeout,246.759460321
cifar100_tinyimagenet_resnet,vnncomp2022_benchmarks/benchmarks/cifar100_tinyimagenet_resnet/onnx/CIFAR100_resnet_small.onnx,vnncomp2022_benchmarks/benchmarks/cifar100_tinyimagenet_resnet/vnnlib/CIFAR100_resnet_small_prop_idx_8314_sidx_4966_eps_0.0039.vnnlib,.017346728,timeout,246.678310122
cifar100_tinyimagenet_resnet,vnncomp2022_benchmarks/benchmarks/cifar100_tinyimagenet_resnet/onnx/CIFAR100_resnet_small.onnx,vnncomp2022_benchmarks/benchmarks/cifar100_tinyimagenet_resnet/vnnlib/CIFAR100_resnet_small_prop_idx_939_sidx_5683_eps_0.0039.vnnlib,.017515887,timeout,247.596177554
cifar100_tinyimagenet_resnet,vnncomp2022_benchmarks/benchmarks/cifar100_tinyimagenet_resnet/onnx/CIFAR100_resnet_small.onnx,vnncomp2022_benchmarks/benchmarks/cifar100_tinyimagenet_resnet/vnnlib/CIFAR100_resnet_small_prop_idx_5193_sidx_6671_eps_0.0039.vnnlib,.033216259,timeout,248.960644530
cifar100_tinyimagenet_resnet,vnncomp2022_benchmarks/benchmarks/cifar100_tinyimagenet_resnet/onnx/CIFAR100_resnet_small.onnx,vnncomp2022_benchmarks/benchmarks/cifar100_tinyimagenet_resnet/vnnlib/CIFAR100_resnet_small_prop_idx_9565_sidx_7601_eps_0.0039.vnnlib,.018600415,timeout,250.153536040
cifar100_tinyimagenet_resnet,vnncomp2022_benchmarks/benchmarks/cifar100_tinyimagenet_resnet/onnx/CIFAR100_resnet_small.onnx,vnncomp2022_benchmarks/benchmarks/cifar100_tinyimagenet_resnet/vnnlib/CIFAR100_resnet_small_prop_idx_7486_sidx_8050_eps_0.0039.vnnlib,.041815450,timeout,249.790482997
cifar100_tinyimagenet_resnet,vnncomp2022_benchmarks/benchmarks/cifar100_tinyimagenet_resnet/onnx/CIFAR100_resnet_small.onnx,vnncomp2022_benchmarks/benchmarks/cifar100_tinyimagenet_resnet/vnnlib/CIFAR100_resnet_small_prop_idx_3601_sidx_8276_eps_0.0039.vnnlib,.021524455,timeout,246.981557595
cifar100_tinyimagenet_resnet,vnncomp2022_benchmarks/benchmarks/cifar100_tinyimagenet_resnet/onnx/CIFAR100_resnet_small.onnx,vnncomp2022_benchmarks/benchmarks/cifar100_tinyimagenet_resnet/vnnlib/CIFAR100_resnet_small_prop_idx_1899_sidx_9565_eps_0.0039.vnnlib,.016664001,timeout,246.887891305
cifar100_tinyimagenet_resnet,vnncomp2022_benchmarks/benchmarks/cifar100_tinyimagenet_resnet/onnx/CIFAR100_resnet_medium.onnx,vnncomp2022_benchmarks/benchmarks/cifar100_tinyimagenet_resnet/vnnlib/CIFAR100_resnet_medium_prop_idx_7764_sidx_254_eps_0.0039.vnnlib,.028995208,timeout,208.458095024
cifar100_tinyimagenet_resnet,vnncomp2022_benchmarks/benchmarks/cifar100_tinyimagenet_resnet/onnx/CIFAR100_resnet_medium.onnx,vnncomp2022_benchmarks/benchmarks/cifar100_tinyimagenet_resnet/vnnlib/CIFAR100_resnet_medium_prop_idx_4736_sidx_292_eps_0.0039.vnnlib,.017460458,timeout,207.159715983
cifar100_tinyimagenet_resnet,vnncomp2022_benchmarks/benchmarks/cifar100_tinyimagenet_resnet/onnx/CIFAR100_resnet_medium.onnx,vnncomp2022_benchmarks/benchmarks/cifar100_tinyimagenet_resnet/vnnlib/CIFAR100_resnet_medium_prop_idx_6585_sidx_533_eps_0.0039.vnnlib,.017513614,timeout,206.701035844
cifar100_tinyimagenet_resnet,vnncomp2022_benchmarks/benchmarks/cifar100_tinyimagenet_resnet/onnx/CIFAR100_resnet_medium.onnx,vnncomp2022_benchmarks/benchmarks/cifar100_tinyimagenet_resnet/vnnlib/CIFAR100_resnet_medium_prop_idx_1798_sidx_1061_eps_0.0039.vnnlib,.034490461,timeout,211.267390360
cifar100_tinyimagenet_resnet,vnncomp2022_benchmarks/benchmarks/cifar100_tinyimagenet_resnet/onnx/CIFAR100_resnet_medium.onnx,vnncomp2022_benchmarks/benchmarks/cifar100_tinyimagenet_resnet/vnnlib/CIFAR100_resnet_medium_prop_idx_815_sidx_1902_eps_0.0039.vnnlib,.017125005,timeout,206.621889530
cifar100_tinyimagenet_resnet,vnncomp2022_benchmarks/benchmarks/cifar100_tinyimagenet_resnet/onnx/CIFAR100_resnet_medium.onnx,vnncomp2022_benchmarks/benchmarks/cifar100_tinyimagenet_resnet/vnnlib/CIFAR100_resnet_medium_prop_idx_3925_sidx_2194_eps_0.0039.vnnlib,.016830916,timeout,207.035940309
cifar100_tinyimagenet_resnet,vnncomp2022_benchmarks/benchmarks/cifar100_tinyimagenet_resnet/onnx/CIFAR100_resnet_medium.onnx,vnncomp2022_benchmarks/benchmarks/cifar100_tinyimagenet_resnet/vnnlib/CIFAR100_resnet_medium_prop_idx_291_sidx_2370_eps_0.0039.vnnlib,.017085032,timeout,206.753679596
cifar100_tinyimagenet_resnet,vnncomp2022_benchmarks/benchmarks/cifar100_tinyimagenet_resnet/onnx/CIFAR100_resnet_medium.onnx,vnncomp2022_benchmarks/benchmarks/cifar100_tinyimagenet_resnet/vnnlib/CIFAR100_resnet_medium_prop_idx_9839_sidx_2563_eps_0.0039.vnnlib,.019221079,timeout,210.268620999
cifar100_tinyimagenet_resnet,vnncomp2022_benchmarks/benchmarks/cifar100_tinyimagenet_resnet/onnx/CIFAR100_resnet_medium.onnx,vnncomp2022_benchmarks/benchmarks/cifar100_tinyimagenet_resnet/vnnlib/CIFAR100_resnet_medium_prop_idx_6993_sidx_2600_eps_0.0039.vnnlib,.016883362,timeout,207.468085365
cifar100_tinyimagenet_resnet,vnncomp2022_benchmarks/benchmarks/cifar100_tinyimagenet_resnet/onnx/CIFAR100_resnet_medium.onnx,vnncomp2022_benchmarks/benchmarks/cifar100_tinyimagenet_resnet/vnnlib/CIFAR100_resnet_medium_prop_idx_115_sidx_2873_eps_0.0039.vnnlib,.016205616,timeout,206.799498264
cifar100_tinyimagenet_resnet,vnncomp2022_benchmarks/benchmarks/cifar100_tinyimagenet_resnet/onnx/CIFAR100_resnet_medium.onnx,vnncomp2022_benchmarks/benchmarks/cifar100_tinyimagenet_resnet/vnnlib/CIFAR100_resnet_medium_prop_idx_4039_sidx_2878_eps_0.0039.vnnlib,.016127939,timeout,206.897473105
cifar100_tinyimagenet_resnet,vnncomp2022_benchmarks/benchmarks/cifar100_tinyimagenet_resnet/onnx/CIFAR100_resnet_medium.onnx,vnncomp2022_benchmarks/benchmarks/cifar100_tinyimagenet_resnet/vnnlib/CIFAR100_resnet_medium_prop_idx_731_sidx_3428_eps_0.0039.vnnlib,.016244662,timeout,206.705489765
cifar100_tinyimagenet_resnet,vnncomp2022_benchmarks/benchmarks/cifar100_tinyimagenet_resnet/onnx/CIFAR100_resnet_medium.onnx,vnncomp2022_benchmarks/benchmarks/cifar100_tinyimagenet_resnet/vnnlib/CIFAR100_resnet_medium_prop_idx_509_sidx_3899_eps_0.0039.vnnlib,.016951118,timeout,206.809349884
cifar100_tinyimagenet_resnet,vnncomp2022_benchmarks/benchmarks/cifar100_tinyimagenet_resnet/onnx/CIFAR100_resnet_medium.onnx,vnncomp2022_benchmarks/benchmarks/cifar100_tinyimagenet_resnet/vnnlib/CIFAR100_resnet_medium_prop_idx_7315_sidx_5135_eps_0.0039.vnnlib,.016310986,timeout,206.661308326
cifar100_tinyimagenet_resnet,vnncomp2022_benchmarks/benchmarks/cifar100_tinyimagenet_resnet/onnx/CIFAR100_resnet_medium.onnx,vnncomp2022_benchmarks/benchmarks/cifar100_tinyimagenet_resnet/vnnlib/CIFAR100_resnet_medium_prop_idx_4126_sidx_5351_eps_0.0039.vnnlib,.016937605,timeout,206.689890268
cifar100_tinyimagenet_resnet,vnncomp2022_benchmarks/benchmarks/cifar100_tinyimagenet_resnet/onnx/CIFAR100_resnet_medium.onnx,vnncomp2022_benchmarks/benchmarks/cifar100_tinyimagenet_resnet/vnnlib/CIFAR100_resnet_medium_prop_idx_3560_sidx_5363_eps_0.0039.vnnlib,.017584416,timeout,206.647333655
cifar100_tinyimagenet_resnet,vnncomp2022_benchmarks/benchmarks/cifar100_tinyimagenet_resnet/onnx/CIFAR100_resnet_medium.onnx,vnncomp2022_benchmarks/benchmarks/cifar100_tinyimagenet_resnet/vnnlib/CIFAR100_resnet_medium_prop_idx_8519_sidx_5507_eps_0.0039.vnnlib,.026064880,timeout,208.279280425
cifar100_tinyimagenet_resnet,vnncomp2022_benchmarks/benchmarks/cifar100_tinyimagenet_resnet/onnx/CIFAR100_resnet_medium.onnx,vnncomp2022_benchmarks/benchmarks/cifar100_tinyimagenet_resnet/vnnlib/CIFAR100_resnet_medium_prop_idx_9335_sidx_5792_eps_0.0039.vnnlib,.017697193,timeout,206.784547598
cifar100_tinyimagenet_resnet,vnncomp2022_benchmarks/benchmarks/cifar100_tinyimagenet_resnet/onnx/CIFAR100_resnet_medium.onnx,vnncomp2022_benchmarks/benchmarks/cifar100_tinyimagenet_resnet/vnnlib/CIFAR100_resnet_medium_prop_idx_2959_sidx_5903_eps_0.0039.vnnlib,.026523568,timeout,211.014516669
cifar100_tinyimagenet_resnet,vnncomp2022_benchmarks/benchmarks/cifar100_tinyimagenet_resnet/onnx/CIFAR100_resnet_medium.onnx,vnncomp2022_benchmarks/benchmarks/cifar100_tinyimagenet_resnet/vnnlib/CIFAR100_resnet_medium_prop_idx_8496_sidx_5905_eps_0.0039.vnnlib,.016820442,timeout,211.427384373
cifar100_tinyimagenet_resnet,vnncomp2022_benchmarks/benchmarks/cifar100_tinyimagenet_resnet/onnx/CIFAR100_resnet_medium.onnx,vnncomp2022_benchmarks/benchmarks/cifar100_tinyimagenet_resnet/vnnlib/CIFAR100_resnet_medium_prop_idx_1421_sidx_6398_eps_0.0039.vnnlib,.016712338,timeout,206.716092834
cifar100_tinyimagenet_resnet,vnncomp2022_benchmarks/benchmarks/cifar100_tinyimagenet_resnet/onnx/CIFAR100_resnet_medium.onnx,vnncomp2022_benchmarks/benchmarks/cifar100_tinyimagenet_resnet/vnnlib/CIFAR100_resnet_medium_prop_idx_7349_sidx_7887_eps_0.0039.vnnlib,.016257715,timeout,206.958943002
cifar100_tinyimagenet_resnet,vnncomp2022_benchmarks/benchmarks/cifar100_tinyimagenet_resnet/onnx/CIFAR100_resnet_medium.onnx,vnncomp2022_benchmarks/benchmarks/cifar100_tinyimagenet_resnet/vnnlib/CIFAR100_resnet_medium_prop_idx_2550_sidx_7952_eps_0.0039.vnnlib,.016925335,timeout,206.704895457
cifar100_tinyimagenet_resnet,vnncomp2022_benchmarks/benchmarks/cifar100_tinyimagenet_resnet/onnx/CIFAR100_resnet_medium.onnx,vnncomp2022_benchmarks/benchmarks/cifar100_tinyimagenet_resnet/vnnlib/CIFAR100_resnet_medium_prop_idx_8208_sidx_8378_eps_0.0039.vnnlib,.016436315,timeout,206.724306237
cifar100_tinyimagenet_resnet,vnncomp2022_benchmarks/benchmarks/cifar100_tinyimagenet_resnet/onnx/CIFAR100_resnet_large.onnx,vnncomp2022_benchmarks/benchmarks/cifar100_tinyimagenet_resnet/vnnlib/CIFAR100_resnet_large_prop_idx_5586_sidx_80_eps_0.0039.vnnlib,.025749632,timeout,209.116064743
cifar100_tinyimagenet_resnet,vnncomp2022_benchmarks/benchmarks/cifar100_tinyimagenet_resnet/onnx/CIFAR100_resnet_large.onnx,vnncomp2022_benchmarks/benchmarks/cifar100_tinyimagenet_resnet/vnnlib/CIFAR100_resnet_large_prop_idx_2717_sidx_551_eps_0.0039.vnnlib,.017866606,timeout,207.750224528
cifar100_tinyimagenet_resnet,vnncomp2022_benchmarks/benchmarks/cifar100_tinyimagenet_resnet/onnx/CIFAR100_resnet_large.onnx,vnncomp2022_benchmarks/benchmarks/cifar100_tinyimagenet_resnet/vnnlib/CIFAR100_resnet_large_prop_idx_37_sidx_2045_eps_0.0039.vnnlib,.031040409,timeout,209.096422573
cifar100_tinyimagenet_resnet,vnncomp2022_benchmarks/benchmarks/cifar100_tinyimagenet_resnet/onnx/CIFAR100_resnet_large.onnx,vnncomp2022_benchmarks/benchmarks/cifar100_tinyimagenet_resnet/vnnlib/CIFAR100_resnet_large_prop_idx_6337_sidx_2381_eps_0.0039.vnnlib,.031721733,timeout,208.683485030
cifar100_tinyimagenet_resnet,vnncomp2022_benchmarks/benchmarks/cifar100_tinyimagenet_resnet/onnx/CIFAR100_resnet_large.onnx,vnncomp2022_benchmarks/benchmarks/cifar100_tinyimagenet_resnet/vnnlib/CIFAR100_resnet_large_prop_idx_9978_sidx_2382_eps_0.0039.vnnlib,.016456182,timeout,207.556703042
cifar100_tinyimagenet_resnet,vnncomp2022_benchmarks/benchmarks/cifar100_tinyimagenet_resnet/onnx/CIFAR100_resnet_large.onnx,vnncomp2022_benchmarks/benchmarks/cifar100_tinyimagenet_resnet/vnnlib/CIFAR100_resnet_large_prop_idx_2805_sidx_2539_eps_0.0039.vnnlib,.016853579,timeout,207.688853165
cifar100_tinyimagenet_resnet,vnncomp2022_benchmarks/benchmarks/cifar100_tinyimagenet_resnet/onnx/CIFAR100_resnet_large.onnx,vnncomp2022_benchmarks/benchmarks/cifar100_tinyimagenet_resnet/vnnlib/CIFAR100_resnet_large_prop_idx_1590_sidx_2858_eps_0.0039.vnnlib,.020325927,timeout,207.999208794
cifar100_tinyimagenet_resnet,vnncomp2022_benchmarks/benchmarks/cifar100_tinyimagenet_resnet/onnx/CIFAR100_resnet_large.onnx,vnncomp2022_benchmarks/benchmarks/cifar100_tinyimagenet_resnet/vnnlib/CIFAR100_resnet_large_prop_idx_3384_sidx_2910_eps_0.0039.vnnlib,.030030536,timeout,210.207792161
cifar100_tinyimagenet_resnet,vnncomp2022_benchmarks/benchmarks/cifar100_tinyimagenet_resnet/onnx/CIFAR100_resnet_large.onnx,vnncomp2022_benchmarks/benchmarks/cifar100_tinyimagenet_resnet/vnnlib/CIFAR100_resnet_large_prop_idx_5905_sidx_3073_eps_0.0039.vnnlib,.032272865,timeout,207.831739552
cifar100_tinyimagenet_resnet,vnncomp2022_benchmarks/benchmarks/cifar100_tinyimagenet_resnet/onnx/CIFAR100_resnet_large.onnx,vnncomp2022_benchmarks/benchmarks/cifar100_tinyimagenet_resnet/vnnlib/CIFAR100_resnet_large_prop_idx_2176_sidx_3285_eps_0.0039.vnnlib,.030494138,timeout,208.148626179
cifar100_tinyimagenet_resnet,vnncomp2022_benchmarks/benchmarks/cifar100_tinyimagenet_resnet/onnx/CIFAR100_resnet_large.onnx,vnncomp2022_benchmarks/benchmarks/cifar100_tinyimagenet_resnet/vnnlib/CIFAR100_resnet_large_prop_idx_5821_sidx_3711_eps_0.0039.vnnlib,.017131017,timeout,207.672908676
cifar100_tinyimagenet_resnet,vnncomp2022_benchmarks/benchmarks/cifar100_tinyimagenet_resnet/onnx/CIFAR100_resnet_large.onnx,vnncomp2022_benchmarks/benchmarks/cifar100_tinyimagenet_resnet/vnnlib/CIFAR100_resnet_large_prop_idx_5152_sidx_5513_eps_0.0039.vnnlib,.032678230,timeout,206.818867695
cifar100_tinyimagenet_resnet,vnncomp2022_benchmarks/benchmarks/cifar100_tinyimagenet_resnet/onnx/CIFAR100_resnet_large.onnx,vnncomp2022_benchmarks/benchmarks/cifar100_tinyimagenet_resnet/vnnlib/CIFAR100_resnet_large_prop_idx_8046_sidx_6661_eps_0.0039.vnnlib,.017012737,timeout,207.826298216
cifar100_tinyimagenet_resnet,vnncomp2022_benchmarks/benchmarks/cifar100_tinyimagenet_resnet/onnx/CIFAR100_resnet_large.onnx,vnncomp2022_benchmarks/benchmarks/cifar100_tinyimagenet_resnet/vnnlib/CIFAR100_resnet_large_prop_idx_3339_sidx_6722_eps_0.0039.vnnlib,.030215110,timeout,207.616019249
cifar100_tinyimagenet_resnet,vnncomp2022_benchmarks/benchmarks/cifar100_tinyimagenet_resnet/onnx/CIFAR100_resnet_large.onnx,vnncomp2022_benchmarks/benchmarks/cifar100_tinyimagenet_resnet/vnnlib/CIFAR100_resnet_large_prop_idx_2640_sidx_6925_eps_0.0039.vnnlib,.016578964,timeout,207.448307704
cifar100_tinyimagenet_resnet,vnncomp2022_benchmarks/benchmarks/cifar100_tinyimagenet_resnet/onnx/CIFAR100_resnet_large.onnx,vnncomp2022_benchmarks/benchmarks/cifar100_tinyimagenet_resnet/vnnlib/CIFAR100_resnet_large_prop_idx_3668_sidx_8007_eps_0.0039.vnnlib,.020811132,timeout,208.797566324
cifar100_tinyimagenet_resnet,vnncomp2022_benchmarks/benchmarks/cifar100_tinyimagenet_resnet/onnx/CIFAR100_resnet_large.onnx,vnncomp2022_benchmarks/benchmarks/cifar100_tinyimagenet_resnet/vnnlib/CIFAR100_resnet_large_prop_idx_2058_sidx_8233_eps_0.0039.vnnlib,.017784522,timeout,206.854680209
cifar100_tinyimagenet_resnet,vnncomp2022_benchmarks/benchmarks/cifar100_tinyimagenet_resnet/onnx/CIFAR100_resnet_large.onnx,vnncomp2022_benchmarks/benchmarks/cifar100_tinyimagenet_resnet/vnnlib/CIFAR100_resnet_large_prop_idx_3111_sidx_8286_eps_0.0039.vnnlib,.019619124,timeout,209.721097304
cifar100_tinyimagenet_resnet,vnncomp2022_benchmarks/benchmarks/cifar100_tinyimagenet_resnet/onnx/CIFAR100_resnet_large.onnx,vnncomp2022_benchmarks/benchmarks/cifar100_tinyimagenet_resnet/vnnlib/CIFAR100_resnet_large_prop_idx_1309_sidx_8525_eps_0.0039.vnnlib,.035982823,timeout,208.643766491
cifar100_tinyimagenet_resnet,vnncomp2022_benchmarks/benchmarks/cifar100_tinyimagenet_resnet/onnx/CIFAR100_resnet_large.onnx,vnncomp2022_benchmarks/benchmarks/cifar100_tinyimagenet_resnet/vnnlib/CIFAR100_resnet_large_prop_idx_5818_sidx_8588_eps_0.0039.vnnlib,.016921411,timeout,206.844039224
cifar100_tinyimagenet_resnet,vnncomp2022_benchmarks/benchmarks/cifar100_tinyimagenet_resnet/onnx/CIFAR100_resnet_large.onnx,vnncomp2022_benchmarks/benchmarks/cifar100_tinyimagenet_resnet/vnnlib/CIFAR100_resnet_large_prop_idx_9066_sidx_8737_eps_0.0039.vnnlib,.032813803,timeout,209.720705670
cifar100_tinyimagenet_resnet,vnncomp2022_benchmarks/benchmarks/cifar100_tinyimagenet_resnet/onnx/CIFAR100_resnet_large.onnx,vnncomp2022_benchmarks/benchmarks/cifar100_tinyimagenet_resnet/vnnlib/CIFAR100_resnet_large_prop_idx_8662_sidx_8908_eps_0.0039.vnnlib,.017450893,timeout,207.229495138
cifar100_tinyimagenet_resnet,vnncomp2022_benchmarks/benchmarks/cifar100_tinyimagenet_resnet/onnx/CIFAR100_resnet_large.onnx,vnncomp2022_benchmarks/benchmarks/cifar100_tinyimagenet_resnet/vnnlib/CIFAR100_resnet_large_prop_idx_1338_sidx_9158_eps_0.0039.vnnlib,.033050849,timeout,209.744951106
cifar100_tinyimagenet_resnet,vnncomp2022_benchmarks/benchmarks/cifar100_tinyimagenet_resnet/onnx/CIFAR100_resnet_large.onnx,vnncomp2022_benchmarks/benchmarks/cifar100_tinyimagenet_resnet/vnnlib/CIFAR100_resnet_large_prop_idx_305_sidx_9849_eps_0.0039.vnnlib,.021319443,timeout,208.161401051
cifar100_tinyimagenet_resnet,vnncomp2022_benchmarks/benchmarks/cifar100_tinyimagenet_resnet/onnx/CIFAR100_resnet_super.onnx,vnncomp2022_benchmarks/benchmarks/cifar100_tinyimagenet_resnet/vnnlib/CIFAR100_resnet_super_prop_idx_7764_sidx_254_eps_0.0039.vnnlib,.031786412,timeout,309.794357489
cifar100_tinyimagenet_resnet,vnncomp2022_benchmarks/benchmarks/cifar100_tinyimagenet_resnet/onnx/CIFAR100_resnet_super.onnx,vnncomp2022_benchmarks/benchmarks/cifar100_tinyimagenet_resnet/vnnlib/CIFAR100_resnet_super_prop_idx_2398_sidx_444_eps_0.0039.vnnlib,.018814002,timeout,314.127753850
cifar100_tinyimagenet_resnet,vnncomp2022_benchmarks/benchmarks/cifar100_tinyimagenet_resnet/onnx/CIFAR100_resnet_super.onnx,vnncomp2022_benchmarks/benchmarks/cifar100_tinyimagenet_resnet/vnnlib/CIFAR100_resnet_super_prop_idx_9132_sidx_1053_eps_0.0039.vnnlib,.018645816,timeout,311.542685211
cifar100_tinyimagenet_resnet,vnncomp2022_benchmarks/benchmarks/cifar100_tinyimagenet_resnet/onnx/CIFAR100_resnet_super.onnx,vnncomp2022_benchmarks/benchmarks/cifar100_tinyimagenet_resnet/vnnlib/CIFAR100_resnet_super_prop_idx_5414_sidx_1938_eps_0.0039.vnnlib,.020935316,timeout,310.551267080
cifar100_tinyimagenet_resnet,vnncomp2022_benchmarks/benchmarks/cifar100_tinyimagenet_resnet/onnx/CIFAR100_resnet_super.onnx,vnncomp2022_benchmarks/benchmarks/cifar100_tinyimagenet_resnet/vnnlib/CIFAR100_resnet_super_prop_idx_9934_sidx_2474_eps_0.0039.vnnlib,.016927428,timeout,307.764258741
cifar100_tinyimagenet_resnet,vnncomp2022_benchmarks/benchmarks/cifar100_tinyimagenet_resnet/onnx/CIFAR100_resnet_super.onnx,vnncomp2022_benchmarks/benchmarks/cifar100_tinyimagenet_resnet/vnnlib/CIFAR100_resnet_super_prop_idx_1529_sidx_2706_eps_0.0039.vnnlib,.046195475,timeout,311.611017602
cifar100_tinyimagenet_resnet,vnncomp2022_benchmarks/benchmarks/cifar100_tinyimagenet_resnet/onnx/CIFAR100_resnet_super.onnx,vnncomp2022_benchmarks/benchmarks/cifar100_tinyimagenet_resnet/vnnlib/CIFAR100_resnet_super_prop_idx_7477_sidx_2980_eps_0.0039.vnnlib,.030941789,timeout,309.750887367
cifar100_tinyimagenet_resnet,vnncomp2022_benchmarks/benchmarks/cifar100_tinyimagenet_resnet/onnx/CIFAR100_resnet_super.onnx,vnncomp2022_benchmarks/benchmarks/cifar100_tinyimagenet_resnet/vnnlib/CIFAR100_resnet_super_prop_idx_8147_sidx_3000_eps_0.0039.vnnlib,.016695421,timeout,313.076769317
cifar100_tinyimagenet_resnet,vnncomp2022_benchmarks/benchmarks/cifar100_tinyimagenet_resnet/onnx/CIFAR100_resnet_super.onnx,vnncomp2022_benchmarks/benchmarks/cifar100_tinyimagenet_resnet/vnnlib/CIFAR100_resnet_super_prop_idx_8237_sidx_3574_eps_0.0039.vnnlib,.017044358,timeout,306.765409520
cifar100_tinyimagenet_resnet,vnncomp2022_benchmarks/benchmarks/cifar100_tinyimagenet_resnet/onnx/CIFAR100_resnet_super.onnx,vnncomp2022_benchmarks/benchmarks/cifar100_tinyimagenet_resnet/vnnlib/CIFAR100_resnet_super_prop_idx_319_sidx_4416_eps_0.0039.vnnlib,.016812499,timeout,306.701601821
cifar100_tinyimagenet_resnet,vnncomp2022_benchmarks/benchmarks/cifar100_tinyimagenet_resnet/onnx/CIFAR100_resnet_super.onnx,vnncomp2022_benchmarks/benchmarks/cifar100_tinyimagenet_resnet/vnnlib/CIFAR100_resnet_super_prop_idx_9747_sidx_4976_eps_0.0039.vnnlib,.016626425,timeout,306.781097178
cifar100_tinyimagenet_resnet,vnncomp2022_benchmarks/benchmarks/cifar100_tinyimagenet_resnet/onnx/CIFAR100_resnet_super.onnx,vnncomp2022_benchmarks/benchmarks/cifar100_tinyimagenet_resnet/vnnlib/CIFAR100_resnet_super_prop_idx_2954_sidx_6105_eps_0.0039.vnnlib,.016617529,timeout,306.728053133
cifar100_tinyimagenet_resnet,vnncomp2022_benchmarks/benchmarks/cifar100_tinyimagenet_resnet/onnx/CIFAR100_resnet_super.onnx,vnncomp2022_benchmarks/benchmarks/cifar100_tinyimagenet_resnet/vnnlib/CIFAR100_resnet_super_prop_idx_2779_sidx_6416_eps_0.0039.vnnlib,.039106886,timeout,309.430565239
cifar100_tinyimagenet_resnet,vnncomp2022_benchmarks/benchmarks/cifar100_tinyimagenet_resnet/onnx/CIFAR100_resnet_super.onnx,vnncomp2022_benchmarks/benchmarks/cifar100_tinyimagenet_resnet/vnnlib/CIFAR100_resnet_super_prop_idx_2157_sidx_8103_eps_0.0039.vnnlib,.032323579,timeout,309.840867074
cifar100_tinyimagenet_resnet,vnncomp2022_benchmarks/benchmarks/cifar100_tinyimagenet_resnet/onnx/CIFAR100_resnet_super.onnx,vnncomp2022_benchmarks/benchmarks/cifar100_tinyimagenet_resnet/vnnlib/CIFAR100_resnet_super_prop_idx_788_sidx_9144_eps_0.0039.vnnlib,.017646527,timeout,308.900262843
cifar100_tinyimagenet_resnet,vnncomp2022_benchmarks/benchmarks/cifar100_tinyimagenet_resnet/onnx/CIFAR100_resnet_super.onnx,vnncomp2022_benchmarks/benchmarks/cifar100_tinyimagenet_resnet/vnnlib/CIFAR100_resnet_super_prop_idx_9014_sidx_9195_eps_0.0039.vnnlib,.035829970,timeout,308.210790684
cifar100_tinyimagenet_resnet,vnncomp2022_benchmarks/benchmarks/cifar100_tinyimagenet_resnet/onnx/TinyImageNet_resnet_medium.onnx,vnncomp2022_benchmarks/benchmarks/cifar100_tinyimagenet_resnet/vnnlib/TinyImageNet_resnet_medium_prop_idx_3688_sidx_720_eps_0.0039.vnnlib,.026232200,timeout,208.240149035
cifar100_tinyimagenet_resnet,vnncomp2022_benchmarks/benchmarks/cifar100_tinyimagenet_resnet/onnx/TinyImageNet_resnet_medium.onnx,vnncomp2022_benchmarks/benchmarks/cifar100_tinyimagenet_resnet/vnnlib/TinyImageNet_resnet_medium_prop_idx_4183_sidx_730_eps_0.0039.vnnlib,.016695030,timeout,207.062665750
cifar100_tinyimagenet_resnet,vnncomp2022_benchmarks/benchmarks/cifar100_tinyimagenet_resnet/onnx/TinyImageNet_resnet_medium.onnx,vnncomp2022_benchmarks/benchmarks/cifar100_tinyimagenet_resnet/vnnlib/TinyImageNet_resnet_medium_prop_idx_5164_sidx_1240_eps_0.0039.vnnlib,.016736067,timeout,206.664887890
cifar100_tinyimagenet_resnet,vnncomp2022_benchmarks/benchmarks/cifar100_tinyimagenet_resnet/onnx/TinyImageNet_resnet_medium.onnx,vnncomp2022_benchmarks/benchmarks/cifar100_tinyimagenet_resnet/vnnlib/TinyImageNet_resnet_medium_prop_idx_126_sidx_1545_eps_0.0039.vnnlib,.017605067,timeout,206.653871695
cifar100_tinyimagenet_resnet,vnncomp2022_benchmarks/benchmarks/cifar100_tinyimagenet_resnet/onnx/TinyImageNet_resnet_medium.onnx,vnncomp2022_benchmarks/benchmarks/cifar100_tinyimagenet_resnet/vnnlib/TinyImageNet_resnet_medium_prop_idx_8852_sidx_1630_eps_0.0039.vnnlib,.017034145,timeout,207.408992566
cifar100_tinyimagenet_resnet,vnncomp2022_benchmarks/benchmarks/cifar100_tinyimagenet_resnet/onnx/TinyImageNet_resnet_medium.onnx,vnncomp2022_benchmarks/benchmarks/cifar100_tinyimagenet_resnet/vnnlib/TinyImageNet_resnet_medium_prop_idx_7479_sidx_2305_eps_0.0039.vnnlib,.017279520,timeout,206.827496391
cifar100_tinyimagenet_resnet,vnncomp2022_benchmarks/benchmarks/cifar100_tinyimagenet_resnet/onnx/TinyImageNet_resnet_medium.onnx,vnncomp2022_benchmarks/benchmarks/cifar100_tinyimagenet_resnet/vnnlib/TinyImageNet_resnet_medium_prop_idx_6931_sidx_2337_eps_0.0039.vnnlib,.017472659,timeout,207.586115959
cifar100_tinyimagenet_resnet,vnncomp2022_benchmarks/benchmarks/cifar100_tinyimagenet_resnet/onnx/TinyImageNet_resnet_medium.onnx,vnncomp2022_benchmarks/benchmarks/cifar100_tinyimagenet_resnet/vnnlib/TinyImageNet_resnet_medium_prop_idx_3754_sidx_2390_eps_0.0039.vnnlib,.017252842,timeout,207.799142969
cifar100_tinyimagenet_resnet,vnncomp2022_benchmarks/benchmarks/cifar100_tinyimagenet_resnet/onnx/TinyImageNet_resnet_medium.onnx,vnncomp2022_benchmarks/benchmarks/cifar100_tinyimagenet_resnet/vnnlib/TinyImageNet_resnet_medium_prop_idx_6461_sidx_2771_eps_0.0039.vnnlib,.016591355,timeout,206.671991662
cifar100_tinyimagenet_resnet,vnncomp2022_benchmarks/benchmarks/cifar100_tinyimagenet_resnet/onnx/TinyImageNet_resnet_medium.onnx,vnncomp2022_benchmarks/benchmarks/cifar100_tinyimagenet_resnet/vnnlib/TinyImageNet_resnet_medium_prop_idx_5093_sidx_3590_eps_0.0039.vnnlib,.017248948,timeout,206.753657411
cifar100_tinyimagenet_resnet,vnncomp2022_benchmarks/benchmarks/cifar100_tinyimagenet_resnet/onnx/TinyImageNet_resnet_medium.onnx,vnncomp2022_benchmarks/benchmarks/cifar100_tinyimagenet_resnet/vnnlib/TinyImageNet_resnet_medium_prop_idx_4931_sidx_3891_eps_0.0039.vnnlib,.016865795,timeout,206.647980684
cifar100_tinyimagenet_resnet,vnncomp2022_benchmarks/benchmarks/cifar100_tinyimagenet_resnet/onnx/TinyImageNet_resnet_medium.onnx,vnncomp2022_benchmarks/benchmarks/cifar100_tinyimagenet_resnet/vnnlib/TinyImageNet_resnet_medium_prop_idx_4464_sidx_4786_eps_0.0039.vnnlib,.016581432,timeout,206.830945792
cifar100_tinyimagenet_resnet,vnncomp2022_benchmarks/benchmarks/cifar100_tinyimagenet_resnet/onnx/TinyImageNet_resnet_medium.onnx,vnncomp2022_benchmarks/benchmarks/cifar100_tinyimagenet_resnet/vnnlib/TinyImageNet_resnet_medium_prop_idx_8003_sidx_5044_eps_0.0039.vnnlib,.017441713,timeout,206.806321947
cifar100_tinyimagenet_resnet,vnncomp2022_benchmarks/benchmarks/cifar100_tinyimagenet_resnet/onnx/TinyImageNet_resnet_medium.onnx,vnncomp2022_benchmarks/benchmarks/cifar100_tinyimagenet_resnet/vnnlib/TinyImageNet_resnet_medium_prop_idx_3243_sidx_5299_eps_0.0039.vnnlib,.016693253,timeout,206.849353521
cifar100_tinyimagenet_resnet,vnncomp2022_benchmarks/benchmarks/cifar100_tinyimagenet_resnet/onnx/TinyImageNet_resnet_medium.onnx,vnncomp2022_benchmarks/benchmarks/cifar100_tinyimagenet_resnet/vnnlib/TinyImageNet_resnet_medium_prop_idx_270_sidx_5414_eps_0.0039.vnnlib,.017209709,timeout,207.642588563
cifar100_tinyimagenet_resnet,vnncomp2022_benchmarks/benchmarks/cifar100_tinyimagenet_resnet/onnx/TinyImageNet_resnet_medium.onnx,vnncomp2022_benchmarks/benchmarks/cifar100_tinyimagenet_resnet/vnnlib/TinyImageNet_resnet_medium_prop_idx_7816_sidx_6053_eps_0.0039.vnnlib,.017334069,timeout,206.665581111
cifar100_tinyimagenet_resnet,vnncomp2022_benchmarks/benchmarks/cifar100_tinyimagenet_resnet/onnx/TinyImageNet_resnet_medium.onnx,vnncomp2022_benchmarks/benchmarks/cifar100_tinyimagenet_resnet/vnnlib/TinyImageNet_resnet_medium_prop_idx_782_sidx_6135_eps_0.0039.vnnlib,.016583567,timeout,207.547493325
cifar100_tinyimagenet_resnet,vnncomp2022_benchmarks/benchmarks/cifar100_tinyimagenet_resnet/onnx/TinyImageNet_resnet_medium.onnx,vnncomp2022_benchmarks/benchmarks/cifar100_tinyimagenet_resnet/vnnlib/TinyImageNet_resnet_medium_prop_idx_4087_sidx_6984_eps_0.0039.vnnlib,.017208180,timeout,206.659080817
cifar100_tinyimagenet_resnet,vnncomp2022_benchmarks/benchmarks/cifar100_tinyimagenet_resnet/onnx/TinyImageNet_resnet_medium.onnx,vnncomp2022_benchmarks/benchmarks/cifar100_tinyimagenet_resnet/vnnlib/TinyImageNet_resnet_medium_prop_idx_8213_sidx_7868_eps_0.0039.vnnlib,.016749549,timeout,206.693955127
cifar100_tinyimagenet_resnet,vnncomp2022_benchmarks/benchmarks/cifar100_tinyimagenet_resnet/onnx/TinyImageNet_resnet_medium.onnx,vnncomp2022_benchmarks/benchmarks/cifar100_tinyimagenet_resnet/vnnlib/TinyImageNet_resnet_medium_prop_idx_8482_sidx_8035_eps_0.0039.vnnlib,.016803301,timeout,206.796874984
cifar100_tinyimagenet_resnet,vnncomp2022_benchmarks/benchmarks/cifar100_tinyimagenet_resnet/onnx/TinyImageNet_resnet_medium.onnx,vnncomp2022_benchmarks/benchmarks/cifar100_tinyimagenet_resnet/vnnlib/TinyImageNet_resnet_medium_prop_idx_1714_sidx_8876_eps_0.0039.vnnlib,.016868292,timeout,206.657323443
cifar100_tinyimagenet_resnet,vnncomp2022_benchmarks/benchmarks/cifar100_tinyimagenet_resnet/onnx/TinyImageNet_resnet_medium.onnx,vnncomp2022_benchmarks/benchmarks/cifar100_tinyimagenet_resnet/vnnlib/TinyImageNet_resnet_medium_prop_idx_4866_sidx_9492_eps_0.0039.vnnlib,.016395197,timeout,206.588480389
cifar100_tinyimagenet_resnet,vnncomp2022_benchmarks/benchmarks/cifar100_tinyimagenet_resnet/onnx/TinyImageNet_resnet_medium.onnx,vnncomp2022_benchmarks/benchmarks/cifar100_tinyimagenet_resnet/vnnlib/TinyImageNet_resnet_medium_prop_idx_1009_sidx_9780_eps_0.0039.vnnlib,.016774915,timeout,207.791621081
cifar100_tinyimagenet_resnet,vnncomp2022_benchmarks/benchmarks/cifar100_tinyimagenet_resnet/onnx/TinyImageNet_resnet_medium.onnx,vnncomp2022_benchmarks/benchmarks/cifar100_tinyimagenet_resnet/vnnlib/TinyImageNet_resnet_medium_prop_idx_7542_sidx_9873_eps_0.0039.vnnlib,.017158694,timeout,207.633467938
cifar100_tinyimagenet_resnet,vnncomp2022_benchmarks/benchmarks/test/test_nano.onnx,vnncomp2022_benchmarks/benchmarks/test/test_nano.vnnlib,.017207442,no_result_in_file,7.710228018
